id,target
ZzBoUzhRWTJiUklUSFBmcvePB0mj6gXu4ccgO4D8tMY=,0.99714328332816
ZXpMMGFkckZKUFZnNFhEcfpxtvUkXw8MT9SmZ5QMSFM=,0.997374760890044
ZXFvRUtCbHprNEFwTGhXeUW2li6mAuKkVtInfU/eHx4=,0.999214616644926
ZWNKQ1lnN3BPRjBQYXVJZGd7qzqw5/wqaNJYFL9R6Yc=,0.997516022336253
ZWFmR3pOWHlpN1ZUSE9Tc1793NyktdlYX7cTbSwf8no=,0.998627651672884
ZWcwdThXVGJSN3JGQjlQY2lN1B6FIj6JoFhdeCXYUx4=,0.994374822372121
ZW9IYjI1ZFB0blhUZnlXUf3oJEi+9Rv3nHjbLx6HlG0=,0.999796952312184
ZUU4MVRaSU1jdHFESFZ3Qvpkd4iW9jQnRnp5rQ4wtV4=,1.00221974308823
ZUlKTDdpRmtEQ3FWdnk5cHEkui2Q2VWIe6YRxOp9a1c=,1.00488603210655
ZUJJQTYyczVEanlMSE9HSo0Xbf5PmeF+hkZ06M28UN4=,1.00188419959291
ZU5wNFlVZmJvQnoyeXh3S4NQV4pWSLHQx8rwJYcG0Ws=,1.00083858265986
ZTN3STIwT0p4N2dSdTREb4efWUCsX60tNf+BAV+fACU=,1.00006701697256
ZTM0SHdzamJUdkljbHpTb640RvkSi/MzLrDv4juTLnA=,1.00260010401676
ZTgxZlMwdWlBN3ZCZ3I0ec4jWIAINgE8My0DU6dfnMY=,0.996270050141357
ZTA1ZzgzVVZqbVBJMkdxazcmTvlPQOUb+xfXB15+adQ=,0.999948877352022
ZnVqQnR3M2wxcGIweGdjWRY3vhicuf+4Xs3EwGlCHRQ=,0.997751539535136
Zno5ckNoQURTYTJURzhJUutZuKco28qIFT5w395E68s=,1.00842417155696
ZnNoUmlXWlNuWTkzWDB4NfJnJGm/0tjJ2W2YJp8MwvI=,1.01155954884758
ZnhTUnV5cFpGTHZsblBRd2m9o5dhZ1nHsvCZllvT+w0=,0.995005833913766
ZndGVGVYTEhxa2wzSW1nNLgoofx1LIuv1aZLYV+REUo=,0.998685177242179
ZmRrOTJWQktGQ0wzN1NJenIHrDunE+WQyR2jE8nc7NA=,1.00284615919724
ZmprUmxXWGFjSWhIMm5GStOmWQUckZ6WNWIyg+CU5vE=,0.995596806291963
ZmJ0d3hQeVMwYThRcE5Ga/aoR1Ix/fku8PjwsAKh6AA=,0.99745900936988
ZmhJU3JYRllDVG1BcHZOVruWM4y8uR3Zq7Us9g23pRE=,0.989684604552569
ZmFCTDNqOEZ1VWJ4U0huTjZTtDZJuUVoA8zEFCp1U+o=,1.00027257478985
Zm9LWXdxeU5QTGFKOUVRTXTKj/dJsZG1ZwNteS54EdU=,0.998465803946623
ZlprUXdyNzVsQ285Ymh0Z+q5f5JVRybyz68rR8n3rKM=,1.00151683014331
ZlhrQTB1aENQckY0QjFWNtGYZaSGoC0jYX8MIg5GNVQ=,1.00379267372519
ZkxBTTkwVjNrcVJ6bnRYSZZmJAW5mRZHz40LeB+dTgQ=,0.998660857953449
ZkU3cTUzZDZ6YnVWWFNvVP6m3MUzoVy5RsH4iWFpnQI=,1.00655717132954
ZkhwUTJSeVVDM2JhNUZBeueDzL/fVhKJm86ISU3dWw0=,0.99361827619426
Zkd5RFY2N3BQMVN4S1JUWXu3khR1xkpjy2Bpo9r9FtE=,0.998473990940331
Zk9JZWMwZ0hZdVJkbmtHd8c6QWs72ino8t4glJx8wD8=,0.993836517340358
Zk55MlRia0JYRnZ1bloxbDav/C4PL0+A8kTilc0od5w=,0.998287184064452
ZjN3NGs2eGxZcEJ6TEdWVw5nCqnosotxNw3RPZpwTDY=,1.00373555821722
ZjlZTVhIY2d0MUJOejdsVjJ+nOV+3P2s9venBfrp7OQ=,1.00352009569636
ZjJWZ2l6c0RCbENwclFLSEklbxwDisWy7oBpEH69Y5M=,0.996488056133423
ZjJPS2hXRmVINGpFaU5BTVaAO+/YpGykoZVfMLiK9ac=,1.00609868928342
ZjJIcTdUOGlsR3M5TDZhWdp5dzthX23uafyzDOgG0hw=,0.990181544327333
ZHV2THFZeVBqeGNURmxWaJh9ADxchYdEuK7WMIpOf5I=,0.991460401615063
ZHNORUx5OGd4OTRybXRKN/kZRPELaJ4IBXDhTz9IbvE=,1.0064020930167
ZHlGdllBa3d4cDBTSlpuUEJKhdneMr4eE+ePptcDWXU=,1.00398357411383
ZGxFY29VQkt2MlZ3U3J0adXMCz0MxyfyC/6Gfk6tPkU=,0.990254670080027
ZGtDY1BXTmYyczBlaXZiNOm6z2Us8rsRgqVcIN6KRCc=,0.995203116823626
ZGNBTlRIZXkwRjdFWXFWOSqkkU4UhXn8RRzI+ijQz+4=,1.003177323698
ZGk3SU94RDZCOFJOMmN5VL+0bgNf/cCW9czWJizrQwg=,1.0008440545893
ZGc3ZmVKWHdvU004RXhWYhHjvq331w3w2DWii+mlXDI=,1.00160368088335
ZG96T203RVlxMGdVYWVUQW5NEB5PAiU3FKbERWElv0w=,1.00743143667807
ZFIzSjY3ODlXVjJ3MFB0RzYlmJpXa1HUVVPurnFSVg0=,0.989744508822996
ZEZZOG1RMWZIQk96cWdqV3Ij/wxBr6Q0lIJHcTq0lUk=,0.99776755957041
ZEZScnFvR1FUWWE4anY5QtmHA4sCneZReXBfjLy9MWg=,1.0077282645892
ZExTc0J6M1FhV28xUndqWBjlactKFAPBcwxWQPhBzVk=,1.00644414793925
ZEVEbDg1T2pJY2ZhazR6dTAEqeD+EobFbu1VY3/e5YQ=,1.00467814708538
ZEJsRXp0Zk45d0w2bWtnNyQxhjetSl2e7h6JqL94kkc=,0.999674187969016
ZEI4bWg5TXdRVkpsSHpFNU9EHpjsIPIbvNRSA9HYI3Q=,0.996525003058247
ZE5aZkM2RnNYNFlIS1RPd5d7OgVHUrkGkkVjSa11zzE=,1.01137473600666
ZE1wZTdic0hrZ2NxVUNCWLX70Dq3MzL+EG6myJHLr0k=,1.00336165477333
ZDRSbnR4NWtvVXBRVlhEN7uRBPw4BSCs2o8gJMJUN+A=,1.00044478928066
ZDNsaDBuemk3SHFiNjJDeMZlFj/KK8pYE9YxXqNmvXA=,0.994103417065814
ZDh3RENMQVJLakloZ2FtWP/iwP0y/OEiD91oRepxzIE=,0.995492263345925
ZDBhSG54YmZDWHdoV3FSWfgNzmIUl8RtaXDBD8W7Gqc=,1.00894854134127
Z3I0SG5HZURrQXVhOENCMsy3fvMJee91bkk6n5LSXd0=,1.0032614534911
Z3FyNmRaV1F3c0p4Y2hMQp8DH/02YhbevMoHcIIgX/o=,1.00553273536741
Z3c1TGxZTm9WY1M4ZHJBYhlFS1srNTiJFKsSFknrXTE=,0.995032151965169
Z3B2Mkh5Y0lkVTlDTURRZTyj5SCUmDMGNCHXmwYCQW0=,0.994661460915869
Z2tIYWJENU9XZlpNQUw4SmfIKZ9i7FasX5A9WXfZRtE=,0.991261303368168
Z2s5SUJEY1N3N1g1c21XSIyj3SKLHLqkb8J6AAffkBk=,0.999604985622002
Z2RVTmhNYUJ2OFNqZndsMAnaOPpejjTmdh6sawMEGDg=,0.995669258829701
Z2NBZkUySXNSS3lONEhveCLJJekWxPdA+6q30P0Su0M=,0.991625459794293
Z2lYbkVRb095SWpMc3FOcpUQy7QhR7+99Qveg78pTu8=,0.995690982546699
Z2lHTkRTS1VzckVQdXFmb0uPtNTAnRTfE1HNQrnpJIk=,0.991005944968532
Z2JqTHV3QnFNMVZmaEd2Nxbj4MAZL6ozHciUjQ6nMOc=,1.00210044122116
Z1R6akN1OG1ZMHhJazJXbBJ0+Rc0dIK8CvIN5nMqRt0=,0.999961904329797
Z1J4RVZpTndVa1A4WDFtSXOTM6I5KIlUM0YYCCdSqvc=,1.00199142866083
Z0kzTkdlZFlUaXJ2YlJBdNT3u9ldhTk2RExbBoWKeZQ=,1.00495282688855
Z0JhUk13aThidVlIRWNtV5zfmIlBO877tkpWK2152ik=,0.999655460297418
Z0gwNEw5MnFLZTdEeEVwdCbMhGxJdi0VWkNostwMvNQ=,0.996984425094788
Yzl1RlM2T3BteGg1eU13SjgWX/BQ1d2FHV2G3Q5xr28=,0.998266233373839
Yzk1ZEhoSnZPSWkwNENMNp5VhgfoRaeveKKe0GVgZN8=,1.00705726219408
YzFmbzZpQndJVVAzcXBTdL8ACZfIIJWhvtUgp9nL7uE=,1.00475559262911
YzFlWmtoMFgyUnhUQm45bBXJeI7J9RIzhlGN2UbUvJY=,1.00970836047763
YzdLU3lCRXNQR1lqVmZMb2CztPtBnBc7Nj6h2REWck0=,1.00515107121731
YXNyUmN1VktVV2dJSHZsdwFXvmOX4h3ysVvt6oeWR0Q=,1.00654478601854
YWt6VTFXb1lwTnRtUlBmatTROklnsy+ciBgUcv686Jo=,0.99550196753786
YWNyTHloYndwS0RGbmpmOX3Y1WU/fFYCL2z6eLhkIBs=,0.996096672476842
YWM0alg1ZnJKMFNPVEI2OBT3x0zDnycMO44MIiy8EUM=,0.999218132943207
YWhWSms4MzFOd2ZiNlFXbEiVLsggwVnBzzYfSlar+qo=,1.00585831906681
YW5EcEV1NzhGNmRpQ29VaEB9QeHIIeCRhmR8DcM8zOg=,1.00858399887549
YW1OV2NiWGQzUFN1WWY0RGDeQ4jWqP+JCfN7fSxMhCw=,1.0014875131178
YVV6a2dZRWR4ZXVJU1RHWH6gZOSME1caj/waGvT7xB4=,1.00238595203775
YU5oYktUNTlIN3ptRzJsV/CDs91VCF6b9CAy117KfLw=,0.998026216863275
YTJRY203cjNBczR5VUowZyQG8rZeNrmZWRDqc6T2ErQ=,0.997969392336562
YnRkRnVydjZBQ1ZQY29aNLcMVLOUe1oi3ouEQ1/xjww=,1.00151627973512
YnpnNkI1V2o5U0l4Tm1mcbf9eLB3Y5e/GRsdMJ0awbM=,0.998504351264846
YmZEMTRkRVoyWGFuUVlwTYvL4CUNTD3qfoH2b5RDVa0=,0.999526978512893
YmprbU9QbzRHSlc3MlNWbljk0cNNar/f1WR+RQ0WlpM=,0.995752775972079
YlltNzJOdWRVT1RScmpBNoiaP17I+qElnZ6EjybOhI4=,1.005295581949
Ylg1N2poeEVIMUM0VmV1Y3CbD7TOR5LaRJ2XrEnf2lM=,1.00260944856285
YlFCMEE5TmhLelNGVDJzN9ypoGhXOFv/zGU389B8c/I=,0.997133264905836
YkNKZUt1VDFjVWF3OHFkUAXzPN2YT738X5xGj9GdD80=,1.00273944663647
YklIQmRYaUYxV0RDdWtuUN0NM9ZyF99KYap9hCDxnzs=,1.01038373652862
Ykl0TzdvMUYyOWdNRWFlSh8qKgc3N7KcrVLsAnvL+fI=,0.992568443597871
YkkzdFo5aDY0TFUxQnFXbIccIyMCSbCPJUNHY1ML8qQ=,1.00158714080177
Yk9zb01WZGVjeXVqRjRFeEHWcvzXPHBMrkR5uMz9e6E=,1.00314747523994
Yk5rOXFnUExWakJVZjhUWj+G6gFbx5QTmB9f/oDc+IA=,1.00538867665315
YjUzMTdxQURaeEVoT0tNRqkeemQzisWFoZF/yNNpZ/M=,0.991544743021043
YjNZRDhvYUp0eGtDZkVsd1MVgyC6WjDUwPfJrOe4iLk=,0.997138258895275
YjhvbnNobFcwVUROVExtaXx5xRnwZM/LqwIBHqX8OLU=,1.00416510734125
YjdndzV0UGk0WXhOZUtTZsjSMhanhmPMfgJNdEBD/bk=,1.00258380967123
Y3VueDJQZDdmd3Z6SWI1NmeQEqve0xC4FczYcT4/4bo=,1.00282423602977
Y3F2WVZwSm94N0l1RWRDS/Kw4OhzMQS/31rebSVnUm0=,0.998687682627349
Y2ZJSkduQXRXcnNFdzFGS3LVVplPSzh2EFSaUYzIvhI=,1.00007614074251
Y2oxOUZyZVlQU29md1I4S00SHhFIL5CveoZGIXk9LSY=,1.00077043034736
Y1ZEYU5ka0F4bUNvdkkxVKSk8OZmLArpm9DV6JkzDOQ=,1.00028392320755
Y1k5MEk3cURYTThyczZmQtsjNLQyEXYnsmM4DBAxfGo=,1.00039304383018
Y1hpNkFoVU5vMldtclFPdorI4wyWsAzPz0OS7T9R9u8=,0.997229107470859
Y1E5WkVMZzVlNmFXMFJ4bLc3jrc/uXQkEXi3j98qySM=,0.998350927617324
Y0YzQVVnaGRpRUdJYjk3UVzK3L6hAz5oAk1+fyVCAP4=,0.994624913369803
Y0xzcG1iSzlsZFhQdk1nQkIq2knIEOOHrZ83Tuy/i4c=,1.00043996828246
Y0lYbUhFdENVUDVNRmdyRBPbIiupMvI+BFxeyTsgxu8=,1.00616306230447
Y0FJVEx6V3lsM3dlb1pmUCQwDTxCshnjKSSmUHtVFtY=,0.99946788592685
Y09vdVJOMmpIbE02YXN4TKky6Y5kU11qSl/FV5xdyQQ=,1.00705453689217
Y09obENlOVBOYlpZbUhqQrNgLABLOoryr3KRI7htySg=,0.998453791858201
Y09GOU1rYlEzbTVKdjZLc0ASk5ylRxWV9e3jsK9QzZY=,0.994641181095291
WXU5Y21FdkpLeWZyVUxkNMKKiyLw5CY/fXP8PITFl5o=,0.995655388609004
WXh5c2s2SkFxZVZkVWNDRfVgSSy0iUkfkVtWkPV4c/w=,0.988751790602608
WWpwTDQ4dlRGeWtyVndPTsSOhp1AC1SAG8m8n8sAF4k=,0.995416446957621
WWJTMFdWUEJxeG40N21zckyI2fYW4MOORmsv6PuIW+0=,1.00662863900131
WWhrSEtKTGZ4RDcxbWw1NIU8qwHmYTJ9ccsW2bpPkbI=,1.00278369415808
WVgwUWNPOWJINHVydndWbJbVh/cN7zGoBiRf15EHt0Q=,0.997238905179478
WVc1dzdSUTNhY1VQemZqSobzjxOQj0Pqw2x39TuaI7w=,0.995735958099992
WUZFZWJmeEM1OW40cnZHUk/KZcL98YdZUc0STUuQwVg=,0.992516792581983
WUUyeVhrRGxKcnc3S3pOML4mnap/VgIvbzKG7nr6sG8=,0.994892995711149
WUs3UXN6NGRISmdhcUFpTUeqYlgWeVHwmDy7QkUo3IY=,1.00534051749543
WUcxT2txYWpmUk44cGh2MvC8uGEGBbORjRj+jsPK7Z0=,1.00556926542054
WThxcGxWYWJuS3hnRkQ1U2z61m7/ug4QJhxHLbbb3ws=,1.00689300242129
WnlVMm9ydXB4WGJjTkh3VvT9rHQBYCG8l72Ct+ra2YI=,0.99724718304199
WnhRZ1NUempmblJPUEk2S3x7Qw+LGheCD+I7AiwBDi4=,1.00562782688982
WndXZTVMdkhLeEZ6akoybOrv7eUH3KfO9k7bUexxWzg=,1.00093272457047
WmI0ZTlYOElNTHNseEVQa8L2+ZbDjIavtA0a5EH7EG8=,0.995095964443979
Wmd1TmxtS1FSQmpKYjFvU3Jhdze9rCBqd1nG5DxZ4t4=,0.996380463973276
WlNwZ2pWQzUyZVEwOXdMek1Uz7UbH34H6fyh7DnJSIc=,1.00064403389736
WlJ6c0tNUHRja2RqVUpUMjEgBTjcL8YdKk6Gf4tt2qc=,0.997336985087736
WkZSc3dZUWc5Y216VU9yYsE62+Yx4X/zA6H+UUHIr/0=,1.00100696755412
WktCSHdEQWJzOGk5bTZrUqkFOAE5QNZpNh/sKPkSaWg=,1.00002692456691
Wk5qRTUxRDhJbm1wc29mecuhaYMulPpa1r2anC+0mU4=,1.00456916955897
WjBITWhXVFlicGQxRXllUhh9RyU+YRTmcjRYw3vzdNI=,0.997727373042376
WjB6MW9kT1VGWXFTNnR2Qy8t+MFe41bKBGOu19f0u7Y=,0.999105637515819
WHVLd0dsWWc5Uk1GQlBWZRwcK+Whr+/kFcNNNR4rCwk=,0.99857554357971
WHNvVk9ZQlptZnA4NGhVSeOMuVxtW8yPSpkPb4SRANo=,0.996924523819434
WHFoQ3lBTmtZTGw2dkZQVAz73DFJDaDiNm16GLv9nhA=,1.00597548889055
WHByOWpEMzZSQ2x6S2VMbyOB2VNnQfEh1IYQVa0rkHQ=,1.01153931012712
WGtyaHZGMXM2TThJMDl5YSxHSZYHGG/xKJefAP0TxmE=,1.00344255012717
WGJGNVFSRzQ5cDNyaEpITIDFfe9lY4h4ZhBWNAwLgqk=,1.0005485477334
WGFzRm5wMldBVmtvdVRJWe8YynDHMZi9pr9t00UFtjA=,0.996159781299247
WGdIMHViV2FsS0dFM3hBZd5jmEBsSD8k/owk+mtsFBI=,0.994809269284731
WG53b3B5QWNFTnFMbUtnZoWpFeNo/IJYyFFeEDB6siM=,0.994913191066374
WG1FbmRmS1Rjb3FGM0N4OUNj6jOtcAJG0P3mmw4DkTA=,1.00179209713082
WFVkeDZMdWNuajlSWkFmaMDScYyNOV4gxyvSneUoLHI=,1.00483558171912
WFpxdUhBZG1OUEowNGw2ZVId1iyvxelB3vaK6rPCT3Y=,0.996513537644674
WFpCWWtlMGxxbXJzOUNnVqsM8v+W7qVAF3QcHeRVIFs=,1.0061456096079
WFlLcEpmdnloemFDWmsxZI1C9y4WRwYI2Z61ubS/4eI=,1.00516804093129
WFkyc01iTHBVMUlESjg0d3sqGptuAj3L+obuMDclR5U=,1.01751019645803
WEJZNWZzV0FoQ2tHVjJNRBppuKDiAIt9q40ht4WVKa0=,0.99545525748179
WE5qU1FDemc4NHJvQW41TYL8p+uOHXrGxbVKjPGoQus=,1.00152439221113
WE04bVpEaWNCMXRzNGU2NQApqCiBSFD46TLBmhHkqB0=,1.00159670177751
VzZWOFA0SGtJZFltSzlKM8jiT/D9c9ShjRkc7KrBFAs=,1.00121029061279
VzM0dDdFcjZUbGdQU3NBObLaq1wdJuVjKSy+uNhp1O8=,1.00488851719279
VzFNbzQ2Q2xHdm1RM2pmcIaX2f/vw++QfTOzFWIGJOg=,1.00202510003505
VzBLNnZSYTNWcmlTbE51bp1bEZWnwbNoWzSmDirICLw=,1.0009569785935
VXYyRkRLSTM4Z0xZNkN3NLwQAMUGF14meXT0Gtkh9H4=,1.00555022009509
VXBmQjlxZ25ES1dUMjZpRXCSm+XVI8AOj6KOog5xUZ0=,1.0001600410344
VWUwREZicVZ3QTdyZjFjeQZbD4YyJ2JMfObKrigNy50=,0.998383940473733
VWtpS3oyZ0FCb1N2bjFDNUT3X9PzTySI0YhCOgmtafc=,0.999628632334939
VWQ5Vk5aSzhhdWg1ajJRSBe1MprfLIw8Dbj3y/FeLnQ=,1.0139612059975
VWJtNUtpT25wSkZ2N0lTOSd5QrhPJeFAbhpA1X3ligw=,1.00150547278584
VWhQVEVPeE43Z3FBYmFENRk+vXKpqnZktrnrcUZT3VI=,0.990402295942275
VUZERUFpNmQyZjBKcnNPUovAAxT+vQxsFMe/fw8t4VM=,0.993974114845642
VUpjZzRFaXdvSFh5aHpmN4go6QWNNxmoCemy9BMAizk=,0.997309664614347
VUlyT2QwWmpobHc1V0s2R7z975iR6CcOeaYp4sIIq3Y=,0.997997195409508
VUhWV1RLU041ZDkzaGlZcPdCXUBxS/NeFww+l1I5rP8=,1.00368091832174
VTBCRFd2azNqejI5b3JDRcmzItFg8eqBrLuzEaKQr9Y=,0.991452903121536
VnVKU2g1Z3d2RkFqS1cydAvEn97oQmEb/SXeG2ihv2M=,1.00832056062441
VnoxQkZ0YjNJc2hHMmNBUxTL+LSWhDaLPV2HI8NV1zE=,1.00100618562399
VnNMVzloY3FkSFE0WTZwM7SS2cYpWEqkcPYjx2aZeKQ=,0.99871009391632
VndsQkVlY3l1OXNnTUFkYhFR3PJGzeTTLehj/JbjM88=,0.998475339258468
VmZyWUhCRFpGb2JqUXdMdbliPhAAy3BJOTVmPXMkRIo=,1.0023031016081
VmU2NXhBOElUMVVLeUZROdNdkxpVPn4S+OqCCpxYcrI=,1.00013795663806
VmdyN0tIRTZodlBXRnA4OW6FTw+RJ2zgy/+g8ZSxwOQ=,1.00267221690798
VldpT3owc2dZTG1QU0RxR/6FKCUXOkUVnUTYEzlYhXI=,0.999568818507256
Vk52VVhFb3F0OVJUNU0xQaGwhXaoVW09PLwcDSki//Y=,0.997225466645663
Vk4wMkpBeWdzRGJTY0wzSYouSCd/+tyHTpjm0AVtr+I=,1.00544301438748
VjZuZktySUJ6OGtOZGdDMbXzGiBBmFqGwOOxTDkHp3U=,1.00673469337291
VjZobWk3a3hVT05zUTJUZVwF/RpllAiIgH61fDVP2P0=,1.00194041419696
VjhQM2FKZElwTzJZbmNqUjUxDwu48DkvotSZtRYDoaM=,0.986877865887654
VjBIak9GOGlXa3BCUWRYYQnDlW934leAUq6b9Mco4c8=,0.995366981190057
VHNYMU51MjNRS1BNd0JMVb4nTLnRazsveVQpgZUJxjQ=,0.988978169174055
VHNvcW03SHdLZ01CajIwUAOJ3XuMELg09v6qMYgjwvk=,0.993705248839915
VHIzU2wxY2FFOEZxSmhRdTyFsx0qgeinJzHMcnwPnvs=,0.991304139681696
VHFMeU1LZGZObVhKMXpIT2OCnewh0nkx9nagb9EKdyU=,1.01183939015733
VHFlanlwdHVQTGxSTndIVhWx+RSR1hZFfjzv9/n+3Bw=,1.00851746979267
VGZHUnQ3blVlZ2lJNXdyWBYVYzzpmA3qBhcuVelnPzg=,1.00662163832666
VGw0bkhJb1V5QTViSzIwUc7KfUAKonlO4Q3xaSz0D0g=,0.996890207355923
VGtscE92eU5pQVJWS3U3ZzgmefMSZWp6FHnzN0dmejg=,0.996219776877131
VGtQRVhNUTh0MjlPVkRTbBaoiFApUtrXJyAvtSWv788=,1.00664237318101
VGtlcHptUlhXQmdvdVVWcs+4Ej2OxDY3ah5wkXEsscU=,0.997627803759157
VGJ3T0VBN1kxY1JHbVdaeqh/ZBr2fxw3hY+d+3W+JA0=,1.00055394295068
VG5wMm04dkhHSWhKNmNnWmM5vrTc5w8J04dJq4++27k=,0.99710432517083
VG1Wck1zcTVCek85dDJnUzDG7Z1Hv7LwnGqzOfCj17E=,1.00346651479842
VG02SXZDZlVOcnRhMm9IZd8UayB1N45D2xGT1tbb/yU=,0.990316405102062
VFpqTXJueVFHWDZwUGxSMdODMWFKbPsdHuA+fXxLRgg=,0.999574570653993
VEkzbFhBbmk2Y1d6b0xqUaHKqZikJq4LX++wm8Y5nRU=,1.00815378196758
VEcydW94cXQwZk1QcmVTYd4Bq70Hwhk8cz9ehhxhqLU=,1.00074409916488
VE1GT0h1M0lYaUNQbWZ5ZKRum+GMTVDPvb4yt+9aYKU=,1.00704591241415
VE11b1BMUmFzY0dFVTFucmv7glAxnUfB72FIHfyH1vQ=,0.99701466340123
VDVuUzFEWXhGdGdzdlA2akAXIAJlVjlPXI7iuBkfq4g=,1.00589687389319
VDhxS0dVbjM1aWhiZldPNHEcKoQ2hDaNJwJsbrBbpLo=,0.988960288399213
VDFIVjd6aFFMQklXRWdwRIIMGu4vbed1scpl+yqLWI0=,1.00633986614036
VDEzbVZPdkRxNUpVYmk3avwYcbERDCU1jD9cOJ+CLyY=,1.00235656372484
V3RNMUFJTDd5NTBtT1JYamZdMvPL7gpB309NnLXff8k=,0.993974453265881
V3pBNE1ab09ZOWx1eXNqMteVUUFQtE1OudROAh7utCc=,1.00643005533734
V3NHSG15NGIwRmEyVVZTatKP+ocz13Lye+F++z9rN2w=,1.00396014908734
V3MzREhTTTJRY04xZ0ZPRV1v853DyyEjJbYwflHZOzk=,0.995995501941475
V3k2Tng3dTNzMER3NWhWaqkCYOJD8zMbf3jQOolq2c4=,1.00118011738155
V3JoSXN6QTU5dEVWWkZ2be1IgOHLWnZbdGr/k+2Jmh0=,1.00051120415332
V2M3SnhHZzB2VmxFcXdhMR8EyzMOp2ZGIazkzwgv3s8=,1.00006851384637
V2lwUlh6bGZUZVFvNXc5SaZX0Jrn/xOyknX5HiWMDPA=,0.997577958191365
V1NRbFRwTkNBWXZqSlVMdXvO1oD2OgeaSf7X5EABkAI=,0.996349854982232
V1lDZjNKakk4UE1zOTJiVDNbAjkCRteD93+LuTAgeuw=,0.992372068435285
V0w3RFRteTEwU2F6YlA0SdZmapzaOh61qNLf+SFtf2k=,1.0015911537462
V0VSMk41clhBd29tVVQ0TWNk7lbQl5CMSCnIR+ih5y4=,0.987207939312041
V0RZRW92Mk9HMFMxNGNOaXQwDP5b7DdqjInIt1H4cNw=,1.00002467643232
V0FnWnc5bzB2M2xJRXM4T7H/pwtSEmmwbX4pOHwYmiA=,0.999200798426494
UzVuT2dMMWZHWGhQdHhyUV1GFziH4Zwk7rlbYoLUMy8=,1.00086128648137
UzRkMnZjcnU5c3FSMFBNWUC1p/JL5ZNOOk5iZXp0vAw=,0.99739477797524
UzJmbkdMUVlXWlRhSHJjQYfq7pJp4slKgxZ4D7dV1xo=,1.00552816703647
UXRUekd2NHNDZTY3bHVtV3fOZY2093Fljd+j4Pd6tdI=,1.00356906198524
UWNZdkdmcUloQmlUUzkwM08+u7hT+LE12xREpr9RGek=,0.998072556715176
UWhaWTVTazhIZGZsMUI3RBxkMR7ngk5+HEnDeKXndZw=,0.998225779229409
UW1SeDlGWE5TZ2tEMXFBVtKGdonsklz9S9bDxe5HP3k=,1.00166963577
UVladXhzZkRrQ1hIcjR0TgnPfKVlU7NulDNVFBZfX/0=,1.00313890944825
UVhGQXg1Q284WVRJOWpHS+uKwSYVBeyMsxBYR72eYnw=,0.990193242906958
UUlvaTlCZFptWXBjU2ZYMusGf8VfE7e1yW5ajmJ0cqY=,0.992931115643071
UUltNVlOd25nSGxkRExDdPK5KLZIOzYv8hZ+730oINc=,0.999448883964439
UUJEcTZhd2dITzRoMDV5UBMv7iJhAjNUWRU7f15PlC8=,0.993285806039046
UUdFbnVTSW9oVjBGalhiNzQDUOftJ90uzPGGrdiVI5k=,1.00165040415858
UUc3Y3Z3aloxV1JNaDZ4cUf42UlBZujP2O7MJ51Zu2I=,1.00479679747475
UTJaZHl3RXpBNnBMSHNLdbcBV4XujJuilcRS+J7R1wg=,0.997454724513956
UnZnb3VGeTVBWk1WUFNHMn3ReQ99oyJBzWJnho88Qtc=,1.00603953100652
UnQ2Q2RlTUpMUWMzWFlGa8OSBdpBeD3Ja91LxmmmBFE=,1.0028645126164
UndXeVY3dUdrSmQyVWpZM2vDY/bvWEDlS5G4L7IjxpI=,1.00180216731291
UnBEeld2eVZhaU4xM3dUNaWPmTCPAx833kOY7IDIy7w=,1.00226306178083
UmxJS1puRk12bTVjemZxV17U9r+juyBTvEShesJ9WIY=,1.00803758780424
UmU2dFk0b0dkRU1ITk95U34zxgR3mOw38F1xT5iwXe8=,1.0001088954153
Ump3QXZhWE9TZ3RrRTJKTIJUurE6eoPKlg63utfBM18=,1.00425392337866
UmlIRldBSjIxOGJPRHVqR8lfNhOrT/I5Zs9IW0r4Z5k=,1.00352555853228
UmFsRDNUZjAxOXJ4Nk9CSg66amk5qymaXcBFl+CXtps=,0.991767636711768
UlZFNmZZSVV5SHpEZ2xMaAiOlG2v1o/fA4eZcFVSBJU=,1.01074587921423
UlR2MFdCeWpBbllnMlZDUJfXw8TfXV9bDtX43FTCM6I=,1.00319875891709
Ulh5TVo0SVFOYXNjcXo4bzyo7VyFE/0sgd4wrlOryxc=,1.00909037680534
UldveVNjbGtNdHJOaVFtNl6ijLupX0lDePMAfWPtm/o=,0.993376153080476
UlBVZFRLMzc1Zmh1emtWMffPrGz65vgHF82+N1/87U4=,0.988996220969294
UlAxMFlFc3V6Vml4VEFlZPbdY0AyhXwW/6VYcHePtQ8=,1.00866849696263
UkVLa24yN3kxdFNlekIzb9hiXA+BX3oCaEXiKi1QKFQ=,1.0018815752488
UktFWW1yMVgzMExRQklndZGRSmw/b8calbg6NfuJRhc=,0.994564243751691
UkhnMFRKb0s3UHhNc0czbPvJKzMuWzr1eobkUF5nIGE=,0.992180554421695
UjZtb2VzSDBMQ0twa3VqeEOxtFdyVRzPeyLUCekF/Zk=,0.997981763754913
UjZjRlo0V0RiVEJFT1lMZsCHwxw1qPoCsJRAR4xPxSg=,0.994157750106143
UjU5Mk9QanBMdEYzbEhOVklRlRXLX2fqNS1tqQdM0TI=,0.994568251211768
UjN4OE1jV3lUWFFsSWs1NKK7egEt9e+rd86Q5ElzHzI=,1.00088825251159
UjJoTEpGVWs1SzFIOVpxQm8ipmvU3UumHrVrUAl+woo=,1.00498601779872
UjhYRDFndnBxWUtDZFYyTQPURQO1fgTBEYcBX4ivX1Q=,1.0036626146437
Ujc2Z0JPNXZpbFBUd0lxTdC+cCXBYvUc+NB5+sunVKk=,0.994791134037197
UjBGYzk3M1NDdVFCVW41ZS19KiEkTH41c7LoS4CtIwY=,1.00949367552982
UHZNSkxBZENmMEszdDQ3YiboDxy8Qp9duP1Z4mVSChs=,0.995181075895678
UHZKV0hvYVhUcnhBWmZiVk8iOVutW7WdusQ5mULyZaI=,0.997263132386619
UHRPbXNlb2dwdjFaR2NhWIO4U1fKh78yuRlqtMJvvTU=,0.996585808909963
UGZRc0g2bkdrb2FZSlYyTAuCkq+T1vbCB5KfnQHpWxQ=,1.00888431279635
UGZaWWJCanQ3SVhVTVdtemgwVQUMF+mhzpl/SkI0Iig=,0.990939362914435
UGNCWERmZVVhck5rU3hwV97L1pJHk7cF36WZ4rHmgn4=,0.993416593629324
UGJxd0FtNmdlVDFOZDNKbH5hjRccTkkFcxmkJgrfiDU=,0.997633294063621
UGhKQXR6bU5zTWJvdjZnRfBSReAru6+KNycpZEhnhAU=,0.995992669084817
UFhZVzdTdnVxVmRVUlo0ecIt4Pxpy5m5Iu62Z5nzR/A=,1.00618439543296
UFdmRmxwajlhWTZVR1IxM1yYwUlt6hl50Aco7jRJVis=,0.997383948282214
UEVuTzdiS3hUdVYzWWZtd17vvWDwxvwQPPjJB8+NJzs=,1.0014559076134
UEljT05tRXBUekxuOGJoeWRES4oL9/UzFRCDOfgJHoY=,1.00753765688166
UEE5NlVRc0thUkIwZkxKWoL0W209nLVW6E3otg+CD2o=,1.00254570057345
UEdidW5DV1FEb2g5S2dMdAypnLbCfxc7lz3WCYjaZrI=,0.999060073792839
UDRwTFR4aDZpMmo4cWttUx3LNmEzFZOTfSr2IGKWHNY=,0.98985423791696
UDBrVG5ONTlLYTFwZVIzSMAycEnMkjqGZaZ2ZykPnI0=,1.00195965993209
U3N4VXJORmxEemZiUHFDRdG/2frr0G9A2/Tnp++bwCw=,1.00189032638339
U3c1WlhyVGJZSTM0Z3FCV+yTAXMxwwSbpcfDOVqcV+I=,0.998204428766365
U2Z0Ym9KWG5DdXc5a3BzRb8E4VOfXqsokpGECXsKFdw=,0.99983830809538
U2RVNTF6Z0pROWJoeGZhWGdJjrkXD4kSkLGDIiIuAEY=,0.997911466072732
U2p2SGxNdFg3REowQmlWYbntvpWh6GytiNAMnL8AwUs=,0.999441535618356
U2NGckdnZk1qcEVxWWViTF8AJbXITjjYW1w3b18TL4g=,1.00146009616146
U2lFblk4Zkc1TW1zWjk2QX3cYaVjkdByBXug7UzX2rA=,1.00081963737478
U2kwcUxjYkdWalBEQ0VaM+Bk9Jv08ptvRnLKg24pJkA=,1.0030749776736
U1VXWmpKdTM5ZEVMWUNpT7vlGZKLCQeiz1P3lsQQGTw=,1.00811066137921
U1Rlamx5M2JGQ25KelFkc3FvEqUPjZIhbku7wyrixO0=,1.00005542521344
U0Y5TENsMHRUTmFqNVI0Wl++ZLCX8ZJoD1aciS5dwb8=,0.989191411817641
U0U4bUM0NWtwRG5VelZOUJh/csk+p4cSB7AnB998xlc=,1.0020358775487
U0RDVGphMDE5ODJKa3F6UUEZVGCUnBkE3bJKHfGnS94=,1.00371154235214
TzZrUlUxQmVXMGdHbkphelaqzI0HxVJraJ70Jbeia4s=,1.00410495198376
TzVueUtqeHQyZ0RjZTA3MwQ6y54WRbHPyAuQPYR54Mo=,1.00188934188198
TzVIZHdUR2l1YTdEaFhwcoYQeFJRngbzyje35wfEp74=,0.999183030414032
TzRReGJtWEtEamxxNVVvTX3oIO7zsMD/zPrl/dFOrV4=,1.00510689907031
TzNwVENTTG5lREZ5c2l2VvCttsbNIi3L/UqWR3fUTO4=,1.00003417037908
TzlJNGJXUkhmTVF5TlU4TJ/n3w96XoyqeSKiBpaH9U8=,1.00014331606559
TXIwQmo5cWVQRzVVcFRBaXM6ogMPc52yobrRT8MZ5Fo=,0.995077779894277
TWpOcko2ejVhM1ZubFJ4cewYghJ+GnYzEAwtnZ7v87I=,0.999437023616977
TVI0aW5TQU9GMFBhb3VjNncL6jsQIkdPYEjq9GIkb+c=,0.99749513846968
TVg3MXZ1Rnc1YzJnQ2FWcAEz3ckeeSfEicymKM9iX2k=,0.997558080212846
TUxwQzZLUjJ1YWgxazdZc3QK7+afHLmVfXDJ8V5YeN0=,0.999709790823176
TUtMdlB0amtteFdWM1JkeZOHP5+wO4R5etncSmrYH4U=,1.00432001088502
TUMxdlB1aWc2NW0zV2hBMqhLUTxdjYOquSZ7+AmgZMs=,0.998277974053296
TUJRMjdMOVBnc2lFWFlUVRLVZACkfp8jbWKlz3palCM=,1.00128252044575
TUhYblEzRno3WmRUcVNLZoILbQWYsAtNR/5ODybLKUA=,1.00329752542511
TnVURlJJdmJpWGhRS1M4eHwkahTppz8rCvsRZdNZNgk=,0.99961577619306
TnRuY3hMYlJDSFhWRUppa5HBUwI9/sKhmuAkE/HPAMo=,0.993866177632806
TnRJT3lETVRXMEF4UW9pRV7Wmq/ZjVUSXwBqU9ffPVE=,0.99598082046635
TnJCbTVZdlBYMWVHRVduaMTvoCPWGAjLCelhmPQggrE=,1.0118919101754
TnIyRmJLSEVQV21pWk1HMwzplqOGZjsdI3v3FKjrqsY=,1.00768553590824
TnIxUUl4WVJVY3VxSERaMJCsi0IIlC8GrIsBRXuLQ/Q=,1.0046555820019
TnFaZFJoVTV6VkZKY0R1M6J0foWhfrnFDhKcVrVWzco=,0.994984813468909
TmttN1Fob1NYeFdMRzF1c+fEmuRY+0EdHLhYShEWyfM=,0.997998160631898
TmNwYlA3allBaUdtazNuRN8Q4WAy2L2Muxlrfk+HV7s=,0.997349690543768
TmdiSVk5MFdtSDNjN09FRrgFma++nk8TX0krz6RLZ2E=,0.995101252162734
Tm9sSkdRRmZEbTh4bkwwarGVayzbCtPG+Fh6zj8btfA=,0.99862067966438
TlV0SGhzdkl3TDRkZXpBU4U+lYXF8n373uZJTpSCF4E=,1.00268856680358
TlRKRkVNWlE5NmRoSFJZV/vuqi5afmH3VLdsDG3iwmc=,1.00582146404848
TllIUDB5UWVCcUFDM3ZEVwWILrMp+87Ucc0vwDurRc4=,1.00266530598391
TllGdXNLaXhxdFpoM2Mxar9I3OY3XHEKst3fLHkUKVo=,0.996066080981563
TlhMMXVoSkkyUG5rV2Vid/3VBsINegIcsls2u+LY0B8=,1.00567903300796
Tlg4ZGxSQTlEdnhIN1FNc39MS9RQVisBKMOdAqmSSJQ=,0.998631174716248
TkZSdlRvMURKcHFqYVV3M8N4Y5nFOxtFq4N/et/pGBA=,0.998521411785356
TkxkejVmeTg0VGdTUVZGbrhu1gJopGxAiq23Lbcs+G4=,0.992389165477839
TkVrQXpwbUlQckdlRjRoavBs1EkJtaJXECdUF5hy+ps=,1.00218276847482
TkNyRGFnNUc5UlZNOG5ib3Jkps+iTo5SO5Q9PjXTQX0=,1.01026883757733
Tkk2Q0RCMFJUZm1FOEtNSMwiXJnsvanMvAglJvrNH7E=,1.00984538749765
TkJyRWFUVkpnaDRwMEFaObUZkxBHDLM4JmgSb1lHdyw=,0.994752032681138
TkFueEM4UE9pTDZlZDRJY1829rbofIAnnP6OUOqYdGk=,0.998046821467538
Tjd5SmRUZlo4Q2p4SWxoV9VvlvO3rPaJuppjXYgmvnI=,1.00427510842436
TjBHN1lXa2pINGxPSU16ceQHfI8Txlxy33UECm2e6rg=,0.998801175569461
THRmVVF3RGVPcTBNNlZaQzQHmq0avgjznNBCsfEhQEk=,0.998566748894667
THlLRDg5U21NMjNkWkc2bh4PRxSyqamXscv+ZTO48mQ=,0.995768328848075
TG9JaktEckp6QUJ2dE9iNntxqvocw59YPFPRQUmK91M=,0.999649981083933
TG94d3pYU3FhM01Lck9FaFB2S6987qBxAQTFdXVD+uM=,0.992622359144454
TFJDQnlLd09rTlNnaTNjNu1CIajPG8xZGNr+o7GZnIM=,1.00085395323818
TFdTZmhrdmdyVGNPWVhGMKvdM2Db3A0X3BjXVD3QjVg=,1.0005524958081
TEpSU1dGUDNaQml4UXdFTk+SA/ef67RsxrRGCFAEA+4=,0.99648138007134
TEpPY2RDWTdiRWVVQk1nWt6dUNIoMjdIJP35J2ebdvQ=,1.00179108294913
TEhZNmtNWGNTUlBuR050Vhiu+C2BoEFCMAnq9EsLY3Q=,1.001987566492
TDVhVnBmb2VHN2wzMjF3OMqXYtzErU0AmTKqdBVb6vw=,0.997556446816889
TDJsaUMzdFdSamh6RVU2SpMTWofRywXAtYQ8PfV8szQ=,1.00040999978334
TDBOZ1JPSUtvWlV3Smk1MroVhxAdtgiBCL0f2qV7zEw=,1.00396199749942
T3pwV2NNZUpZZDF0UVg1dU3iGrjo0ChRcqaUJUMADU0=,0.999167043812659
T3duSkZlMzBka0t1MWhtarluKpBoJeJmbj6hzjwWzm4=,0.994937449225743
T3BqUkZiNlREbmR3dEpmaVD5nDJqtCSvEobV3K/2zXg=,1.00183803307618
T3A1b1VWMndtbjRjTFRrelv6eEdh27CyuOl+c9sbPZ0=,1.00329252225755
T2xJUWV3ZkNqU0hYa2h4RZC08TKr66atdfbRfGdvOpg=,1.00209018125123
T2o1YkZQMU5peXRBcnhEYZOJhXrHqodp7bEYBDo2v2Y=,0.999464359303726
T2JLblpkajc5VFJtNEpxda7rDOWR1Vz4AeSMsHNF9Mc=,0.996944112431243
T284RXFuZFdKelVMRFpDQr3qvvnoZjWISmp9XZMBiTM=,1.00201163274723
T1kwZjRlVUFieDgyM25FeUOxHzfMy2/x+JK+AuX1w5Y=,0.994615158530804
T1JGaTNJQk02dzkxTHNVdo1oWQ84FdyDtdN9ba6jJ+s=,0.996073022934967
T0wyalA4UjZDVHdzaTl1TehsE3G8IrU3YplTxfCCMcA=,0.990718446085505
T0lXRllNY3NHZlVWZG9ueK8wSWZFvSxYh9FvMVUNlZg=,0.996838309962274
T0F4dkZjWG1wRFBoeVVUYqhWfbffL9zKaRO9H/vuR2g=,1.00748858730829
SzVzQmFnUHBKaWhScUE2NG2K9eqQo8xhhB/KnaQ8Ce8=,1.00646397252359
SzJYTFV2eU9OOW03ZnVZabWTrnVDoTTCN8W5X6XHkOk=,1.00023697804989
SXZtemgyYllpQmdYczA2M5ZxKZCDytpzI3156LeX9c8=,0.999069827609767
SXJXdnBZZFp1RkFPRDNtVv35e4xXBWtRaJ0+4DYyJHo=,1.00158064218015
SXJhUUFWeENOcW9uMTNqT2cZTSSSposqskzL22lleec=,0.998331701396335
SXFVUGhDTlZtbmFYZlNHcylMklQVB5a5a89qiNqVGFo=,0.998572591092222
SXdpaHVvZHZCU3pGYzZwNHByPZGnkNDY+RHwibc1xKQ=,0.997120969968654
SXBLZ0xReUNrd3F6ZlNYaa4ZZMUQuv9d8T5MoSxuZow=,0.991251049147533
SWRTVHphckdRRTVOZTRMT54VThGvWB7KaGV5vGdv6+E=,0.999592102370186
SWc1ZGtvUjhYRHozczBsSMKM2lEE4NdgW1Q8BOsug0M=,1.00196695474699
SVhZcTNuYzZIQTdzS1NnV3nQdjdyHWfKY1QcfQLerTE=,1.00392820587165
SVBKM3N1cFpDMUcwS1MyQr3kJCO+MZql4z0AeN/Dvbs=,1.00153983663319
SVB2ZXUwWEVGTWJsaTZMSHMSV+hbEgnsEY4IgXPY4b8=,0.999878852338243
SVA5ZHVGcm9KTXY1Z1QxTnf5uHWru7eq0tKehZDdcaE=,0.995595865335356
SVA2ZU1yelVqU1JiRTREMG88/97lpd9d+n4Uw7Be9JE=,1.00888959085121
SUZOcXJERUdWa1RhaG5nMqFci96Q6KwqvXf2IFWe0HQ=,0.998450711632145
SUdWdDROblRRMnNZaE1SbQglN1S9JbPMPlsKge6C21A=,0.996177760445879
SnpYTHFlSTJsR2pEY2Ftd4415sYfYXXsnSeXZW5lFaY=,1.00026981681213
SnlXWlViTjBIdGl4dnNFT/WaYfOEv7oEtkr7mEbA6LI=,1.00053109460027
SnI5TXVDVjdSQnQxU3pJZ1Hl43RDIxGzLiCGjOdNPA4=,0.994018501148475
SnBrbTVub0dUWnRhZHlXdeFDkYcHink2RdFXb5Vn05g=,0.995955562242728
SnBEcjNtVW91UkxJSFp4VN/FcA4YqWpXd1ZB2oUfNbA=,0.999653686484301
SmZPakE3V2xRcUg2Y0tkaL+8tiIY8S/cvWlRUNPpv7A=,1.00250996893242
SmZoaXlGOHJNNFlCa1hORXqP5kHk+ZoXyJ/EJ6VqSxU=,1.00113645824956
Sm1XQ3JBc1IwZ2hsa1FiZN1VSl9QJ85tBiVGnXo6bDM=,0.996440565287024
Sm1DSVRGQmk1Z1EzcThZZj1ckm3nTfB+LCFtZkyKCLg=,0.998800580387562
SlBoN3ZDMHp1dE5HUldnUdSzGakrQ4M+ENCiEHfh66A=,0.996920656758362
SkVpNkNzUWpXRFRlTE1QbJ7UzHZsyoPsMBBfxef9hmg=,0.99779371723417
SjUxd2ZGM1ZDOGQ3cHYyWqn2QRsgMid8p8D2Shjt/aI=,1.00112828693449
SjJWbWlCUWFQNGZlU0tHM58D+eeQbsXzrZ75XUW9KeY=,0.999443543027007
SjJvN2dXWWwwQlJ2NkRFMyeaeM/qSWlAvHxWN+0rQug=,1.0016610582723
SHlDMDZScU8zcjJkVUFOYqqpRMb/c8C3k+vVNUo7O+8=,0.994343965416004
SHBZZlhoUUdjbnh0TVdVVLn50MW7MzJuEwtIvXdvJWU=,0.999391642138352
SGRLdFVzMlNrTjNWREpqejGh9R8J9xuAJrctKrExPp4=,0.997628628989999
SGJ0cmZ3amRCS1MxQ3hKWL+JXQma4ON+DG8Gn8XOvzE=,1.00021309835478
SFZKRG9QaTVzRXFXcEJTUq/rie/IxDgi/QcdNqZ/dSA=,1.00344657964947
SExFdEpnaVdWUGhOTUs1Vb/kn6Tcq8CGHfE6vO/q760=,1.00718871449803
SEs0VGpMelhJdW84WVFmV6cmrdX+8+0THgnRmYeIf7o=,1.00239176938515
SEdoTnBDemZuM3dNc2daNnku9NH/gMWr+2xxbsSlmio=,1.00124786143831
SE95MGJsUEU5RGlZcXJSMx/gShmqo7s1MmK4FNDa+Sk=,1.00135680383167
SE1US2l2WldwSjVHY0ZCZvh1dGPJn4zTfpYvzRQzSDU=,0.989910991729969
S3VCdDRQUVpZNzZXb3F3ScBrrbyJ33WQhZu5svoHrLw=,1.00220404982874
S3R1Qk9vY05VTFh2YXgwayVWwHmlwRvu0PcV0uQ74Fc=,0.996036217795449
S3pjbnVCMDdyeDJXNGpDVDgu1Ejxew9wNwELkWwddZ8=,0.992055548014318
S3JkM2FRa0kwcWJUSnZGN85M3ZMbPrizdLO++xxmDMU=,0.989113282267908
S2xxR2JtSEFNSmFkZzl5Y4pgfOOZ5Bx/nH2FyFQs6u4=,1.00309455028869
S2NQeWQ4OWZyMm56TE0zSaO8mH9Ll8ZMAxNh4VEB+iM=,1.00613350236345
S2lTRG5IQVZ2b3h1UUw1TsJDEPw0XSYvUpAUZt8RUUg=,1.00253380283562
S2FsWTF0N0MzakhPTFpGUbSq5yihEff4xDrmpnB46No=,1.00285398431433
S2dMWVBYMDM0Wnh2RUMyRy4ayen2SB8ItkdjYXdZlTg=,1.00170985549577
S1FyU0JuRENOYnYwUGNaMh4l2Mg5mCqPEQBA8VqV5Ds=,0.995219612311388
S1BYZDJlYVZnY09SQUZudN8hgGK7ttpf3NOKAnIy8cY=,0.995894763555553
S0VlMUxIYUJ5TkNGWDJSU4cZpRFjr0336kzH7xerTvM=,0.995957254456464
S0oxV0lNOW9WaHpOUkJHacDIxc3lARZyQii0OOyg27c=,0.997703881024573
S0lyTFV5M2Uxc1JXYXZKT+aPRV7KAjAiX1gRyl6Abtg=,0.997249437437878
S0d4UlFjbGRQc0pvNTRaTkB9H0iCfxNiq8V1Az+Qqsg=,1.00404239227365
RzY0MHcybEt4aG5hclJCdBgyiISle27B/e313qAyCto=,0.992815510193997
RzV1WjNyUUZFYVZqWTQ3bD3pZdf9Q4JnYxfy4OQnDP4=,0.994618878755127
RzhMallQejN5dXdSaDJnWnfGn5zgxj5W49P1Huuzmv8=,1.00640729397412
RzhiS2xPQWhFRHZaNG9rQ4n5Y+3mRFwwnRFS+yjcEsM=,1.00301741135519
RWZJZ1owd3R4am1WeU5yNx6Kuk+yQRfd1MI8/X61fgM=,0.997974883933124
RWNmbnhPNDU4OWRlRDN5c3cu7nEh+PJv4PIfbbJ6pJA=,1.00518195887424
RW9qZlJzS0lhQmxraHpldl1RTGWHjdHQk2M8lpV7b9c=,1.00030571963443
RW1ZakpVZEI5NDdjS3BRZXjKNcyVs1LziboESvaebKw=,0.996381767481209
RVZXWTFac2QyN0FwaU1OcjhmSxlv12M71B4rDECYXcI=,0.993852669359219
RVRjaVY2OFM0bEZzcmhJbtI480N8naupwhlLLZsaE4Y=,1.00219139929468
RVQ1aDJjWDZTTlFGcUtmT+Ck3PbeyFQ7D3YZ/gqgr04=,1.00942510263445
RVNSVGwxSGo0M1VGOTJpZlSzyadbN4jmpUUCvGosVpU=,0.992281089933692
RUYzRzlRenVETlJTSjAxcQea6eeWzWZBAua5zySI/u4=,1.00260977055101
RUxNVk9kcjlsMTBzRGlUbXPZ3twylj9UBEUMIQw/QV0=,1.00077239995177
RUwweG1CS1ljZGw2MlJiaVeeJdv/DB+xx5Mohajwb1c=,0.992219227611567
RUNTckY1WXZabXVqMjRlN58NruxAWdsTJIBQxK9Sjvg=,0.992769538497554
RUhDaFZhMklQbXN4VTZPb21+XFh5GVi04p86q8OkDbo=,0.996127044111346
RTZ6bEZ1YzFiQU1od1IweNeKZRBlrkCPAmD82UHhCyY=,1.00458601890663
RTRLeWZsdTVaVWJ6R1NJYX9VnxDIWUzJ7GYrGUj0OIs=,1.00174218686319
RmR1bWxLUklMMzJTckpYVyTzojiutCprMMTeo+J3+Jg=,0.994290204180655
RmpiaENMVVk1MXZzMEFmbc0Y2YcDRScuOlzggnxnrqc=,0.999132110244012
Rmp5S1Y3ZkRPcHZVV0FKUAAnp6oZwXBEWTf1dMb8PmU=,0.998796610426051
RmNmQ0Q5dGIxanFhcjVKc/xG721NdLflKO/zJgzNf6M=,1.00115817132766
RlUzSXJaTG9sSnhwVldBZnmutfBiNXEVxuMsqDm1jEM=,0.990729401902372
RlpKYnJHaHlJWXBWekVTQu6iKLVRCFxkklFHLUL+3x0=,1.00634298505083
RlhzUU5nT3Q2TEtSYTlKeBbEM2wycn/S7v6GdAh3Pgc=,0.995181420071635
RkxQdFRwNlJKTlhCMllFTQounkxRP7A5UGsUifSZI/Q=,1.00854360430314
Rkxnbldpc3U5QjdEQ3djZoSjqdqMnDCyIlu7uXoU1PM=,0.995430112959919
RkszYWRpWW1MYjA4dkVmZ6ie0Yc3W7vVa6i5qAHPocM=,0.999515685077735
RkowanhmSEs1VkxaUXpXR4RmBnofhITOlA2HgEjJIP8=,1.00411237422038
RkhRaFQ5aXN6dGNyRGtSQ0DHfjo8Wo70uBQGSJa1ua8=,1.00481530629831
RkFwTUVZRHJhb2kxZ0xOa+IOZMPubKVADe43nzhqVLg=,1.00002483483356
RjVtMThRWWE5UFY3ckRXZUfQP+dRTsCOcmcHi/u3FmU=,0.996906936573509
RjF4SGFQd3Y2T3I1RWNWdUbQ0LnM0bXiQQDuAhuKfkQ=,1.00325464544307
RHNxWUxmeTJibml6ZTlWWOzfchVx2msyD4wxQL8vhZk=,1.00294923210463
RHJHVkZ1MWNScXZDZzh6VR5AEtO8gPr0q5f2c8riFbw=,1.00186686288778
RHhXa2NpSVA1c3o2bnlDao53eIEF+t3z0PpPQWsJG+U=,1.00352297429507
RHBrY3dRMjc1YnJ4NnlXcze6iNDKRaArg6cS2LiuSoQ=,0.996569975048206
RGJhZW5UcUZwOVI2dnRCbygPJEQLGA1gQFzDbd5uui8=,0.995175042430465
RFF5S3VMNEhJTTZZOEo5btlw+bWy7UgMLAxyobY8hKc=,1.00015583754162
REpDSDduaXViTXRLR3k1b8Slkxsi5DOEziAQ1a3pKRU=,0.999531082233974
RDRCb0Zkc21KY1ZPWmF4MSByhtueiZSmaNcyGm5mGXg=,0.999351075708119
RDQyc2VNM3JGQmlZblhKOLt7AO4j0bKzn7BUmcdk06Q=,1.00079928843269
RDdKeEVncUY2cGRMbnRydmDwDwoWAChNhsBlcbOdIcU=,0.997765286094538
RDB4QXQ2a3ljbXpFSVNIcKSb2D4TMMA++lITJS/XB5k=,1.00422732792539
R3RXYWZ1TWw3MW1RQ2d4WmA+kWjuT0P4iYSlNZRZcDA=,1.00462485396702
R3FVMHNwcmNPRTdCM1RSTsptQimmOky0VZS78dnCGog=,1.00944015329452
R2xRSGkxb0pSZW1VNGg2T4bM3z5+Ux4EDfiSFAla88U=,0.999660306919601
R2l1UlRqMjQ4dG9Wa3JXTJISo0umJP6fXOL7WHMNDJo=,1.00611642242772
R2JodnJEUHp3SjhaQVlCVmyw/Dou/gSHLhjtKQ+4z/o=,1.00017681397217
R29WSVBYek1UTzd1V2JwdoBc3kDuiYwBzGQYbXTQv1w=,0.987919986984312
R21QNmNOYnBrck1FVGFRUqRLbHWI4/Yv8bjLz6DkA+U=,0.997124248094416
R1kzU2VXSlZNNm5EaXh1d52KH3n/BocjHL5pQWjNhpU=,1.00117662172294
R1hsTnRCZVc5VGg3RWZKbhy7mik/3DgqSdd9uq0Bzuk=,1.00520886161351
R0xBclBpemdxTm9YMEZmNGF+tR1CC56vUaJ3DtRBSiA=,1.00589691615181
R0hyQ3AyYlF5NDBlWWMxTWsRiMfRtoK9maspIUs9FmM=,0.994182938164994
R096Q0ZTV2o1Y1lUb2VINthZs9dIUk86TNl5mmq28MA=,1.00819755412653
R002YlV2RU5kdGE4a0JKT/cYGz6MV2HokMOeY1VSh10=,1.00560920251614
QzRqc3JnSVJXRHg2ZEtRa5SdNygVIa6tbgQvU7qe1ao=,0.994247348216313
QzNpdDRlUEdnTk04YXJmZEC2pltvTJ47TvKisBVmLb0=,0.997402848384049
QXRjZlhiWVBrQ3l6TUpkU1IRTMKbQO8epqaum2iRgL0=,1.0001529600703
QXQzMXlPWWZuY0NqRkhFbB0qf4tr47AXRr7AzjVq3vA=,1.00628327588241
QXFmVW5qdnA3dHhUUXVoVuJXdcQyC3XJtB02v6ln5SI=,0.997964098398443
QXdDYjhJb005aWZocE5UZVGoqQ1UQnobbi64x43EgBI=,0.999597899306535
QXBxUG5iUXVDWHM4QlJ6STpsBIIS524WOOrbdjEL+7Y=,0.996240537987272
QXBoUkphME9kdzd1a045WdIZtUY/xCnZkeDIkzfwzAk=,1.00049663234756
QWRIaEZuTHdKWWlFeDFvY2FqgLAO0fqaJzT+UTEpIk0=,1.00394964165465
QWlEM242eEo3b1U1d2pPTL0XtLBfhQx+qbFW0qCfoE8=,0.997416944339073
QWJwdXpuR3Yxa1VpaFJWTUm0h0j2r+Uh15Fa5b8Cf7M=,1.00061508568105
QWJFTHRHUEhjQkY5M2lrMQe6eTFOlnQ2nEE63YUJDqE=,1.00284373764096
QWE3aUVSZ1pLQ2swNFBOdCXxTXPOcv+Etjv/3sNCmpw=,1.00163279791399
QVRLMk9iNXQ4aG9ySEkzUg+dyIgMXVCk4UsYVpjKQOk=,0.995875718609118
QVM2WmUwaHZMSmZjRDgzQna7rBvbHobc1XK/YkQTOC0=,1.00181105096432
QVhUS1NkZ0M0cEhROUVlNuuY9RiBNUpCMeUjw7FBbGQ=,0.998070204211967
QVFvUEphejhsVFUzNW4wa3/iHZG+0oAL4hLs1qDy4pU=,0.999921198101213
QVFDUElldm11VGM2SmtwN3yr2QmxoqHnKFMc4jBw0gg=,1.00168996601556
QVF3ZGNrVFZnMTNCOTdETkhFB8s45xD7tYd89DjuinU=,1.00124360657447
QUV1SEI1TGgwWXhJeUs2eqkaf3nNfnYrkZ7Ygn2IhSI=,1.0063475735953
QUU0OU9JOHN0eXI3Zk54RhJkjceQIUjhGogWwJhHSdc=,0.991843077143912
QUpMckY0Yk9ObWwxWjlJWegREthbjeW9J1k/rYbgUX0=,0.995647383845116
QUlLTmNybDRPUDlXYkJIeVN7UduFkju8R52ZkS3vIQQ=,1.01338978844071
QUd5aWUySk9TM2dqRXpNTt/+ul7IbPoQfmTZS07Mn74=,1.00889846074455
QTV5bGdWUXhLUkg5ckZwNqCBmA2zfdDcA3QWgckXT8Q=,0.994050408589696
QTJnbURSR0hVOTc1OG9yM9DzCLpX4ZGUqTCEigCNpZU=,1.00797191507559
QTBacmVKUEt5Ymo3a1V0TWXCMbblJU15hEdkmte8llw=,1.00280663217257
QnU2Q2hBSkRZTWZSM1pYS37xWX6ysCR+HY0vNnUDwts=,1.00584048425968
QnR2Uk1MUWhrbEhlbWlmNeBe9NttqBSZ3V+XEsfTHe0=,0.998282030395098
Qno5eXBIWDBuN1ZUUEdTZn7ujsEe5sC/r1gde7AkCzk=,1.0071345546194
QnlodWNrdEhNeFFqRjZkd8Yy4aphIibBTtw8Z/1nlgM=,1.00618837264726
QnJUcDNSeHFqMG8yNFg5SlYQmgAsL9UQpt2DEMOe3/M=,1.0026943134093
QmpLTlN3Z2x1WFRpbkd2ViWe/0gEhzpU7Ftfo2BazXA=,0.99432489281351
QmJBd1huWWdlN1dIeUdkelxVKAt0TkKPxBDuk0KmUaQ=,1.00605573122528
QmJ5bDJTWXhEdTdQNkVRWPT+hoUzHWTQwYF8JIDi8Oo=,0.999236453359818
Qm81MnBDZEtPdFBTZndyVRPyZv2CixmHloUMsTcaXgw=,0.99731625788294
QlY1SzJMM21sWW5aaWJJcoW9hrzI9DhcjQnjd0iYK8E=,1.00042631229009
QlNPa0tzUHI4Q3lsRGZKTX1l8UXKr0VMql9LTfP9Fxo=,1.00341490553879
Qlk1bk1SSUpMMlF4MWZPdXc19h4qzmEDkl4lc1Xrq3Y=,0.998467347745162
QlI0bGUyRWl4V3IzVHNwVSMShzPJuS2aYC6XEMMUQEI=,0.99066081508547
QkNaRU00M2RlbThRVHlIYwgy5zHi3RO7U34jlGeF5gs=,1.00063089504451
QkN0SDl6VVNRNW1zd05jRgh/t0HIxdtaGMNlMfcP4jc=,1.00151256648513
QkFyZHZwWUtYd2NKa3pDMmw8qBNZyFVIhZuVp4K7E7o=,1.00223168750451
QjZQS3RqWko0RVJibXpvSZqcvYgGgOuxLhQKpowy5as=,1.00059993903088
Qjl3RElMTWU0ekZWQXNFbLhOGTwV7cQizlk2NEWL5Gw=,1.00213930574667
QjJGZHg1dEx2UUllVlU4MZRLuiolAOWfS7rPUXX7PKA=,0.994565518850084
QjJBYTZ5Y1lkWG1FYnRLTyk00mSb9LtiB/oVmZGlNHA=,1.00548086699623
Q3NIOVFieHJoRDA0WVV1Zwq6lCdxXuIhdoLeXcbOTd4=,1.00292112320397
Q3djTER2WkEzMkVzcjlQaaOApMJHRTY2pbMu08pAq9Q=,1.00403366066654
Q2taNUppNk90V3h2TDJZYlsC8NilOqriXnsRs9IZd/Q=,1.00242955272974
Q2N2MFdwS3FCTGpIMVZJNHyT+WnkVWRb1L94rWs+Rm0=,1.00947058509879
Q2h0UUZzRVdHOXFLTUxVU7d9rmLCvw/fM4NDK2I9u5s=,1.00124381264243
Q2FMcEpQb25abE9jc2lOcZnWZerp2j8GJYMFvx+k2fo=,0.999354054697195
Q2FITDlSVTYyd0ZyNDdpaEch9V4mMc1Wd277k9CYa6s=,0.990985193737775
Q1ZyYUJXWVJuTWtVakxxeLtW10NKHyTXzEejcdO6/10=,0.998324708420654
Q1Jwc0FIckVKeEZXcW5jbyiAwFq6dfPMf6m5+2tdviU=,0.999039799401528
Q0VPVGdKWVg5TDJNbTRLVze6GiN98jvjpaPKRpaDuuU=,0.99857317155475
Q0tQa2dIZnVMd1VsRTRvMJTgEL+UTjKf6pYu2FgyMFA=,0.997263365606682
Q0c1SVIwSHFFRmw4V3Z5SnSx9fTTv7jDQ7F7iFrlzC8=,1.00076569835244
Q05URkJ2c0dqbmJLTFFvSUovSZP3IyDApjE6LHOl73k=,1.00088124513702
Q05SRGluTHBVbFQxQUowT65QbpLeaY1WO6EqWXlX9LM=,0.996591114034738
OXVZajZpZGhjcnRiZlRES6Gq5SmnQApuC4zesVWXdqc=,1.0031986927746
OXVGdkRZZE94cVBhMlRSdBTyCoFpUzeA3Ur968atOCk=,0.99473834193452
OXpqYmZGWFJlbE1RYWdoTkel8A1eHeUZq4Ef+OaLXE8=,0.995121678532922
OWZybnQwVm96TWNLUnNJMcoy0OeUpkgKzCZvOlj+sBA=,1.00287350095078
OW4wTEJnTlRpN3JHVTNmTwklHjwTVpJsGPRxmqJZaGY=,0.99817113048519
OVR5T25TcVJIbTNHamNQQXQjRy7bczbfXifOjGu10IA=,0.996697448235378
OVhPM3FhaWRUTFdOcHdDOAUAZiYL2V855fABVy2IQ/U=,1.00269979520997
OVE1NFZGWk5NeG5nalhDdYyZ25btmcXOJ+u0zuNrHOM=,0.997035075644045
OVdMODN1Z1JPZUh0bVpZdpmSQ/9IZ5tulV5laMCCKmo=,0.998181754352749
OUZmTVJiSjd2QkVIZW96MAG3y+7kDVmhXAy2K5c48M8=,1.00169928189421
OUw3bUNWU0czWFJCYWw2cDRQJjsNfJwzAJtjdVyI3HQ=,1.00009574831394
OUFqbVZzWTBJS2lEdTRTZ1wVcZI1htYSL9Z0xvFXBFA=,1.00297388210427
OU1DUmhFSGFjREZKM0l5dwh5eU6Af2jF5cbofc3jWI4=,0.998410182963684
OTZVUXhtdEplR0JYYldnMJ8HTRCfn3pvDrsNBYiCQ7U=,0.996317225168675
OTdIU2hsdVlkUFJ3QkZOa2NQQJvj4ZrejJRcoApGuUQ=,1.00024974204597
OHREUHdIZ3FGMTJyZmthVh919b6Iz5geyr/TeZYvvp0=,1.00079468819899
OHJ6UllEaVdnb1hxaEF1TYFbhBEIvi4b+JOlNjooOQo=,1.00518919255424
OHJ3bFpjbWtvVWJGOW5PUdubJIsIaK4KsfKbHsikNSI=,0.998814030373605
OHBQRTJkSFJRTmdBOUkxNeROpgBiBqFXKjAp19xPMSM=,0.992225589678979
OGtYSkRNNTBBS1N3NHFkObVU/o4F0Ut4Qtp1P4l68zg=,1.00121031566946
OGl2TlYwRll6VU9JeVdNSAs/wxOVHnIKwQ0Q5lpSTKM=,1.00017305512604
OGFCRGpMZFNwSW1GaHVWeCKADl7/1Odp3DRzsGha7jI=,0.995319634713143
OGF1SVhFM3hqSGdWd1pXcB4U+7TLTavb66Uw3di52qg=,0.99540292631146
OG80VjZXSkJYbWlQZHFDdE3Gt4/O4+uCSk1cn6VcZsQ=,1.00965940422163
OFZzcTFvZWpOUlE2WFVQTzcVlXOMxt/G3G95TJSrDXI=,0.996289856404827
OFFzd0UwdkNiQXhZVDVjT4Y3wM5YeoFtr7znbr6Ylso=,0.991646209121929
OFFFTU5INEo2dldnbGt0ef8/l+9MC8OB9TfhI1gUgJk=,1.00174005075202
OEo3em54T05FZXF5RDMxQaq4wzbcjh/ProKjo+YfIYk=,1.00679172757513
OElSMUhzeU12dWQzVmw2ZjwwRQKoIAjU+S6q/nIm2Bs=,0.996551694090626
OEhXYnZQdGg0ZWFFNlpDTZK6VwRd9DAz3M9R/C2yXMw=,0.998223849951325
OEhRWkdpbjFQYkpzWFdvbfznI1uPoM8Fi1r6kl+BFgc=,1.00285351998809
OEFqN0JyWmdsYzZ0R1gxd0YJnlYKQeDWpMSIWvLBb/M=,0.995820842835371
ODZmeTVHcmhia1FGYUx3Q4gzdYTX5+omy9LB5tP1Am8=,0.999365104927789
ODVLVG5JWnZ3bDNrZllNMrSshgT3wZC8veeVUEM67jo=,1.00323478548875
ODJraEJKcUZwdlA0dDYwUr2GIRlA50A8muCddbOTzks=,1.00240725726734
ODBHQll6NWNMbzJRSDNrbX1p/38YGzaA9TkC0jV8FjQ=,0.992649353447711
ODBEb1FVanBURmh1N3dJNDaso23Ss2xsZ8Z2Ext84G8=,1.00276953287936
NzNqSURuOENKbXQxeFBpNYn1uRy5Vhs0RjGThCfwEws=,0.997946041426792
NzJ5Qm9iY3FsSVR0ZTZES3K+Zzd/UJB6+nrQ8vll6tY=,1.00142993511888
NXZFTzhadG1NdWdWclB3aCol9m8ADhck6h7irxaLnrA=,1.00106658964297
NXkxMGFSczZkQWc0OXFwRIbR33f4wHE4GL4Ol2XuQHE=,0.999194304096463
NXg3dkJvTFJ6aUZIZjZhWZlGwmHiWPaIZ2HFa7ea0zw=,0.998919943875047
NXdhZERKM01TTlY5VUhwUCnvGuAvnJ3vO4UDSrWTU4A=,1.00327988565399
NWpVYmtPUVJxN3JXOGNaQwmeF3GK3Lr9RuISag4ORA4=,0.995624447863867
NWhYa1BFYUZxYld2MFN0TPk2YtwISLAjiZZGGnK0wpY=,1.00447134377177
NWdCcWVvMDNZVVR1NzR4WEgDgODJpw+1iLnH9jPSROE=,1.00169875513273
NW1QSFIxWUlxY2syV3NHMzIrVddh5tMB06WQRT/+oNk=,0.997282690167103
NUxGMkdFSm1qUnhEQm5ZeQdFouzZ695y2MOc2hDXGek=,1.00288172683041
NURXdktPRWRSQlB5VFpIZvCzFqLMNq+7bupscSKmQEM=,1.01405429921921
NURveHRiNmtJUjdHOTNxc6xbtwj4TiyHTnetp7rt3Ng=,0.996064195301939
NUJoTGsyUGwxb0NPWXFWSOsY0sOD141ACtWHQ2dLUYs=,0.993707751178765
NU9WUXdGWmxqWE1vRE5kS0aa6TbZ16A7nLBTQh6dQCY=,1.00160412596981
NU5SMGxQOWtBUTN3N1R2bf1faz9e+DmrwBxE3ytnckU=,1.00468944408553
NU0zZ1QwbzRVTGRjVjFJN5gr9sJ8w9K6dnvHX60bgJk=,1.00051217108388
NTljaFJYNmZ2SGttc0o3Vh4zELAai8DkKmwTdlu0hgI=,1.0006481652767
NTk4SE13YnNVMklYcGFrY0gWhAl9TI0fILWLeFclTfM=,1.00049776503258
NThPMGtaWVBYdXp3NDk2VNagXxlgpS8Zp24aBnLZNy8=,0.997824874431789
NThlazduTDNRQ1kyNm9WNM0eesRDWZDmTYDeFqIfXIs=,1.00390420307741
NTgyd2xTZFBYN29ueWpwSP8LyMbJ3eoUivUADLn2j+c=,1.00231514477956
NTFvdzNaOWxza3RJRjJQbuXo0IFYivSLJyeYl8Xr9/s=,1.00179023538051
NnVrUTVGU1JZOW1nWFBUOAv4DGhgMr15x43D0S5jSz0=,1.00721202697804
NnlDT1MxczhVUXZoRk1xafOSvGxHaxIeUATFdwlkkfs=,1.01622601202789
NnJHMkEwY25EamthOXZoQiW4dndCc0/w6yXuO0T9zuE=,0.9871929007414
NnFyWkpsSzBlTGd2NzF5dGghjRFdb6rAc0seWatnnG0=,1.00101341425272
NmI0VVdQQ2EzajFIZkVKdoObxQaPQ/G4a8lrN7S1LK8=,1.01039320292046
Nmh3UE5WVWRDOTFrQmFYYiFVsjRiR9WXXjJMVozF7t0=,1.0079367593435
NmFWR0xpQ2hxN2xVWG91Tq77iKHX2IOJyTlza9DXH9M=,1.00155902007488
Nm11R1FwZ2RzUkZqVENMOKMuMBVYYn9vgtRvFcm9Ork=,0.99445222649111
NllselVDV3BWUmZFSHlxUeyP9iPNr9tmEhBR7nlW9O0=,0.990822948820745
NlFHOUZyMFdhTjNUbVVoNcQeKJrORG2PtHzoD+IYt0M=,0.994088383655837
NlBMU2t1bjVtMGY5bHJRaLdjQRpyOzNgEJT8sA+52YY=,1.00351975511576
NlBDRHFJSFhaak53VGZrZVcxGG0nREx7hjxf3b+OF8Q=,1.00119998514087
NkVRS01QQ1NERnZXdFZoaxbxoZfhFG/7az0WUPiXVE8=,1.000738482685
NkRNd21Za045UGdXQzJYc2GrU/cvXw6Q5QT+ZYHuPVw=,1.00588983356261
NjRNOHkzblFURmpCYUtaVboPrfOf55dGaEgKnph18dM=,1.00041373402177
NHJxdkRMU0k4aVBmZzNISsPONZjuLP892V1VYaKliOQ=,0.999380776410483
NGYwUVdHWURhWnFDZTE5VQ17/bz/KVV9zTFIWuSgh7U=,0.997190579149057
NGNXOXBlQzcySk1TdU9mbLmr+2fCstfYqToV0aXJGSE=,0.997661905375979
NFNzMGRRVzlaQXFCRW5MWIl0fVdo7f6oIOMxvOwMbo0=,0.989390079729993
NEtJVE9zVkgxU3hXa2p5eptZFDyCFGMPG6YrO0odbD8=,0.984773938614525
NENkbnNHa2VyOGowUnpKVNc87vZPZkqy6yY4DwS4UMM=,1.00658842427292
NE1lU0ZkYW9ES1laR1VtdDK+gavvBaaRzK8YJFeS4lc=,0.999135283149055
NE1hR05qVlF2VEtFMDFoU5//yJb5pUGjo2XhrhFpQ5I=,1.00216516717787
NDEybERYYm9pZmh3a2pwQSg4J6I6R+Xv1sz+cw2+zLc=,1.00163734343928
N3M4dUxkclhiUll2RTZqSvQqsLv7Mgzv16YbwJlZBHw=,1.00732354079164
N3lpQ3JPMTNvc0ZncEowZXWVBFwti6LCWoxXhUPsdpU=,1.00153837315651
N3g2clNJdUFpbktEYjh0MgbXdnEnVINKfb0byK9BKz4=,1.00825790578031
N2szeU9UOVVheEJ6ZEVSWRdqgOz2TEn2f8n2mP/fmlQ=,1.00860643498952
N2RpTUNuZ0VZclU2bUhSWKFnfejd/d+bEOP3D7CMbY4=,1.00776897046575
N2RMVmcxcG1aSjl2SEJxcv9aTZHNpR39wqw9k7Q25MM=,0.995786780331044
N2lVYnZaR0ZsZXJNOHR6UGKgz1DO+vRaYA4++HnTIpI=,1.00834506689901
N2l6SmQyWnVvRzBsNXE5SWi6sQPua+6qnsP8ZGas/rs=,1.00042065606228
N2FKWGhZMFRsRnlJM0J3elk1J+/WfhOVGB3qdEqXjlo=,0.997129426753275
N25XdkFNd2pKcGRtZVY0YQcUuzHBXE6f1d5Hj4bWGoU=,0.999289675186647
N1F5TGN2bjE2NFd0VUJwaofUwEwrA/f/dBqABr8umL0=,1.00108633654674
N0xoMm9na0tQcmxkWllOVvS0hKSc+9jsZHB/SO7kqD4=,0.998193480626304
N0x4RVdvRlVuUkhyTlRtUAGF2CJ1ITi1Ms5YTJUPOTQ=,0.998871342351775
N0VVS2phODliY1pKR1c1ToerkJER0eXO2cOFX3/hlC4=,1.00390671796348
N0oyT0hOVXd6bW91dHNJRCLnozmNT5wyIAvjC1YXaos=,0.999093945833032
N0o0M2k2TXBvbmJCdkNTWvPxo11gZeGzS2v7jPn2RSE=,1.00260154783176
N0NNazF5SjZPWlQ0YkFlZ3PwDn5YeTqYKXdfIGEKy9Y=,1.00175501533233
N09NSkNhVHhIenlpZDVEUD2BmVSpa9aLU/gqFhfPLY4=,0.991442709110582
MzY5ckFZT3VjRkQ3dmJneS3afwLdIxF33jvsbVZGc4s=,0.998536202457942
MzQ2dWFGWXFOT1pIcjJqVYExWMbsiU0X3Gcq8imhs00=,0.995968936267535
MzEwOXBCTG9NWGZ0UTVONBgWF8aKiQIveHS3sG8/FwE=,0.999976205649536
MXpWSVAzV2c5a2FZTHBIcqzp7mf3ADlzne+jf3IEEjA=,1.00539005029059
MXdUalNlTXZQQUJpSWJwaGeKEc1DiQ/hwxSLTegRowk=,0.994935347547795
MWVmazJtWTd6eGxCZFNqT3XUB3wqSt2ZBy/Lj5lyLCI=,0.993885000134156
MWJsVUJ4cnk0aUx1R05wV++3Tw8HEjtYLfHJKgiaQWs=,1.00064606213754
MW9qR3ZDeUs3VkVXeDRGUNzPVhJ0DxeKqV3E1u8qvtM=,0.999089163285081
MUxNZElOdEJqNzZSRTRvcjzIs7BbqKQwFfX+0euVkVE=,0.998070417622226
MUlqUXVtVnFaM1JPN1d2YY/Eac5Yl93LHMhfVlGxBvA=,1.00723140412988
MUFTc1pnejVYVnY0cnRrV+9vAOSdT315yZclKsY2InM=,1.00279165621295
MTZaU1VwUWM3SVk1TG5YbMumLTNxGhmadcNxKgGaGsQ=,0.998261125956938
MTNINHNyNlJvV1RpY3FrR0nuAiS0W0L4kcbpwqTMnuM=,0.997818255958167
MTN1ZURuWXk2MkdoOUk3NI5/sAnL/U/pDy9T99IxacE=,0.990063163159082
MTlWbUxhVWdiaUFEY3VFWiLi+VxLHVC6b5kewfd/81U=,1.00513645775899
MnlyRGRicWNpVUV0SDFvYTTak2EkQGwDI2T2C4oQQ6k=,0.997927602973901
MmxBNktjMW1pd29IR0xEWDgWGhDRLV2qNyMs+PR9Tsc=,0.997764743351677
MmFGSFpralVkZ1Jzekw2NG7shxafoEEj9Jd/muKQtaE=,1.00206830435205
MlVxZE5WaVJQNVNHMFFqRC09JkaxvVxZJsD8AgltD1M=,1.00218831504138
MlJYc29yeDlWZ2hFREtGa9FVjFFm4qk6mxJV2oZ5M10=,0.997856206156184
MlhqQ1ZtM0FmSndEWnpIYWS2uLPcntLbj7OkK8WA5aU=,1.00331279304624
MlBqbUJncmRXVHFISjRTd+iuEq1wUAedVjnfUAGE6Nk=,0.997130529925869
MkVEODZXZjFDRnptMEhndw83d1guRaIgyswl6Ao6Qz0=,0.999999636245792
Mks3dHBHRmQ4aVlybVZVT+wUsRYHcGGM2EY26y5Z4xQ=,0.999431323052114
Mk9tTlh6WlNwTGtqN2Q5YpE2mKdV5EuT0ILf423FDHE=,0.992901963341586
MjhWR0RvcGdGMGhZY0g2dajcW4rUWWw5IZEV1685H8s=,0.999994120101505
MjFuenZsaUlIS3lYZ0pHaNry3ILvzIeJubtrXJTC3hk=,1.00166457281013
MHRNZG9RcGNFZ0I2azdiUySntOTqfuxXKaNrz/1Ub1o=,1.00191098351016
MHpaZEQ1dDlvVmdLM0lHZXCa2DMRnLChBa4ToO2Nhq8=,1.00731173480526
MHlYamlRN0hzSVU0YTZtTP73QgxlswDXLFzBtRmtGqI=,1.0010367881856
MHdOV0tRRURmVHo0T0ZzOOHc9u278ynAK9/JRGGUTh4=,0.999961083608537
MGtMdG95ZGZWTXhsdVM3SnuV8J213AwfDnx0ZIFHl6I=,0.997181786887796
MGRxUTZNbTJQZjRWTkdMZ7Q6u9RYpfQEFMVUFEpuV+c=,1.0062788218943
MGM5N0ExUjhDTEt4aUU0evvRvwYW61NETGlgqMQFi4M=,1.00465654606369
MGJ0VUtPTW5pYWt1Qkd2Ra6snCWFOJ3p4aRrw+zhoUE=,1.00282179854005
MG1Rdk1sU0xOZGJ4Vzg2eTiujTRPql9GGmYx5/w2FXE=,0.99801482101142
MFRvMmZDZ21YczVsU0ZaWfV1t6PXX+ZPY1ZZPDFQ0M0=,1.00073774465584
MFhaVnRGeklnMmJDM3JBOA71LzxWifBM86FAIQ4BdUE=,1.00483165018305
MEtPRTRUcEZ4TThRZWF2WA6P8mSoV42fyui/Yg5QYYI=,0.998760574013468
MDRXWnVBaXhPYWRJRnpzSxQSktPlC7iOY2IQuleHH6I=,1.00289464613673
MDJscDN6RkU3U1A4Z2Rjaodr37J8SweAmEuGPUAHN9o=,1.00290734091152
M3ZpZGE0UXRTY0N1a0pLN2CyfQBYi95rlM/mGrCkFY0=,1.00628291112059
M3JYOVZxV0hhQm91NEswaFXqcGJFQJt+3zSqlt73fmo=,0.999703639863544
M3JFMWVnNE1ZQXlzYkpHSz1b7MjvaOvXd1o0H4a+dBM=,0.996930985855388
M3dJYjcxR3owSGFkeGdSUOD9liOWg19JoT5vl72FZQw=,1.0026847942817
M2h0MVppbHoyZHdwTG1uajAmhY1poITVnn4FEh4PiRw=,1.00829029278939
M25nWU1UVUF5RHROc3drdoeM/KNWLyffIgy5JPQHeKk=,0.997489165550872
M21sb0VBaEZLT0Q4dlU0efOymT1K9dRuCdTYUt17V/w=,1.00762772054618
M1JHMHhkeWlZZnJ6N01objC3E5eNJCB8DbIUbwPy/qQ=,0.99381901382229
M1dyQXB1OUZtNEpNaE5iWcovkHOs4gcR3kGXY4xfyvo=,1.00022606038274
M0NLYVNZWjBjeTd1ZlBBUlngURLdbSgtBJeiqYUNosY=,1.00459419314247
M0E4UFFiUkU0emNkOVlHbBAR9AAPSU6QvT49pfCItDo=,1.00964826751635
M0dDbHlMUTY5SzV0ZTBvQb9h8YABlnerdSpsViBIYVU=,1.00121382786008
eXptY09xblppRjBmWWxWZH0vZd13CTUTkscChhwy2Ag=,0.998591070158267
eXFGaGF3UklWREpBajc0UZS7o0MljafoqaMDYGjof6c=,1.00075197787876
eXdXUmZNSUR6cGxBU2VVbQ1RTjDEt0rdbvkxJ9yEzi4=,0.997525787840552
eWQ4V3NlcmpTRFFCcUZhSnZzKQdxBOzpvXeqOExOHvw=,1.00055346898389
eWo0ZTJaUzlIRmxtS0RSNTe4fYnsyKLoYarezHugkSQ=,0.996764391301895
eWNOZUJSVXFaVjlyb0xHMvL1YkM2SUn6FkwB+kZIihM=,0.999764175762006
eWJrZnVLQUVRSnE4SWkzVvlipuldGh/2223yEdDxCjI=,1.00429847694428
eVZzZ0hUWTJpZDBXcVpscsOYYSvTWTjmziVg7cVELdo=,1.00222257270717
eVZRT1A0cWlVTUlLbDVkWOohpBmnaA4xoSiOqGmv2NM=,0.998950564122356
eVRhRElTaHhmb0pBM2dqcc6kqNo4LQk/+QGE+ZmW4rs=,0.994476312896846
eVNsUGIyQWhWYWtpdjlnVOtlQSc/l0+4t4Bpalq1uYM=,1.00646893903868
eVIxbU8yZXc5TllGSXp4SMg8KCtGkwQUbZCMCJKkSR4=,1.00058888741688
eVdxUzg5dUhPQWZDUllUTudZLxjd79VQkJphbyLSy2o=,1.00023594829061
eUJyVVFOVHRudXE5UndoZ1oZLMgXgAd+Hw9YAZoMU6U=,0.995467055162402
eUFVakVjUUxoMERlZldud6yqfrM4lU5SqHqMuCjv4qk=,0.993569313923343
eUFEZWE3bDQyc2tKSGNkOQmwu5PrPL3nn3DEP57Ew8c=,1.00154642673377
eUduQXA2a0gxMlR3elFadnGKY1RqcnlopVcH+2JtGws=,0.996367957540921
eU9nNVVYUEZRVjJjZjlvWR5weDhljnbtdLA+mQjdiQ4=,1.00280797949868
eU5Zbk9zSlNDdjZHbXE3aDiTUiWHTRdapRjoSNTcOB0=,0.987436444102772
eU5mckRkMFZBVGNvWXRhUIdKueb/TgOEwV7WlJg4Q0E=,1.00433172332544
eU1VbWJZelF4RkdxdndnOcypAlp36XSvVWIbw9V+URE=,1.00171608660391
eTZmOTdrVVFidXAxWndZMjWfVVNrXWYfOWyzbAz6leM=,1.00902907412873
eThuYUlKMGZNTmwyRW9tanAAwbluxdPYaEvb/Jqd164=,1.00529615801059
enNwTlhiRVZvZ1REdjJ0M7+RvxILEKLqCPVe6hmsorY=,1.00516479758039
enh2dWc5Q3lKSWF3U1hEV+/abiID/K7yVOPVBygGuVA=,1.00727033410548
enFPQkh1MjhDbzNYTkpSaPUNwYeUYAPoFTycmmFLs78=,1.00684086647858
endjOU4wQnR4cE9LMzdabGrBw0Q1qGC7AU9l3GNJ39s=,0.993231095559176
enBMUTZxR1I0b3dFa3VNQgWtG0vsXSAk8ohZ9IP1cfM=,1.00753924509786
em9KZnE3NHlMYlhqaFlQWpIlwIhZLFroR/FJ+iX8ydY=,0.997373530053152
elVuNzlCSTRtaGFwRWxTZ5+4CTEisrRPBxJ2bYauUSc=,1.0031116234609
elR5RjhKTWk5QVZPcjdRRX3fIcCUXaN2qTqg/7IOFtA=,0.999477845178805
elpKN0xST1c2bWppclh4OJv0FtQJS+3ZfnWNxvvweAw=,1.00962954930127
elhuU0xkOFBxa2Z2UkJiTVckneGlvcZruZVaT0meiFc=,0.995523622713684
eldtNGxLaENBY1hMWTdHMDSnX+JzT5j5KOeD5A5r/fU=,0.999374075157741
ekZqb1B4djhPTW1CY2kza5NJouW3GopRyZ59e58s3p8=,1.0010466774877
ekRtME5UbnRjRWlhM2xMONF9Myv3HYAgG5jLnfBI4Dk=,0.998894921344652
ekk3ckRsMjVMTkJKOEZaZDwpADBuMRz9KxhizMxFOUA=,1.00104040776704
ekgzb0tmc1RBRG5MZ2VCecGpq8lSxU3G5YGToTn5nKs=,1.00070183173776
ejY3bjJJVjFEYk5IWWprcik08sxw84A+G4GRJjRn9Eo=,0.997967267021308
ejl2ODBQeWNvakJPTXVyVP13U/XE10G+jSlm4eez6zQ=,0.989619098516957
ejhLblhVWUR0UXJncFRzOagEKpoSNvtikOJrdO0OFG4=,0.993416279353206
ejF0WkdPOEhvTGYzVkRGWBcZwgmqFw6MfiP3j6c1S7Q=,1.00127104845004
ejBsWWh5VVRBZEMybVB3MVWD0XTp2CrlSmpE0tA0nTU=,0.996788517539633
eHZZcGtsdUQxdEw5ZFhRaunqQZQd+A2WQkdWAePkFbA=,0.994939240701496
eHQxRkxtZ2NWVEl6V2ZaZYgZE6fgW/wtCGMUzgCp/bo=,0.997388821100948
eHlwUmViVDJqaEduc0VTMFD22unT/M4OmtsFZwGUot0=,0.997376449060884
eHJCNm5kWU1HWm9wYldGOXGzz+LZhhqAfe+A7DlXoQk=,0.997077371403312
eHFXSWhyTTFpNEF1UWF3cz/LR6QAJhp1Vt6I8alH+3U=,0.993312195341419
eHBGclBWS2tqUXVjN2JHbKniauXo00f2+2hfyfwiaew=,0.994401632002114
eGZlSkl6dGFxYjVSQWlqY/yKEdCT2RWOYuBi/VSpgEE=,0.995701644273817
eGpNNXp0ZlBLRnY5QzZUcVmt9hUmjF5TBitj+jcbWUc=,0.997100696045072
eGluUllvaDYxQzN1a09mMsEEyHZSaDMluWJ6ewaYuuw=,0.990968888091837
eGk0NUdJNmVYaFFwWVpqcpS6RWvnQYiR8u+MtUZJziw=,1.00152546040533
eG9ESmxnZHFWMUVBR1cyWZ/+sNPN0/+o0UwPGRTbN4k=,0.998389808691743
eFRNYjJ3QVE4ZWNSV0VsZyA/Z1UgB1ON/W9qXCCVpVM=,1.00421201547944
eFl1U012TGJocHM1d2tkeVIY/s92xPht0Sz2h8aGn+0=,1.00370537764592
eFFxR3NVU0FKUmt6YWRsQq8aky3JK3VMqsU9rf36jps=,1.00322068464962
eFdONUVhUk1odUNpVFpWc/2eZqL4T1SnWqZHabwQBV0=,1.00574161639742
eEx3eklyUVVOZ0V2cDJxVtLev4o2yd+Iores8CaJMkA=,1.00059316195811
eEtsM0lRSk5jdUZiMlI1asltWdPgYoPaEp1eYwhWz5Y=,1.00027557450129
eDNxQVpqVDZlaGFrNTd0UEKUd+i8EXp+JznkefPx8hk=,1.0070114061002
eDJQU0QxYkl3OVE4ZUFqaQqZ89C728NSnAlnKaUbb10=,0.991141019217234
eDc2TUUyZTN5R3NsQmltWV3L7h5DjJCsQjywZKI6tT0=,0.998205717703247
dzNaV05IWG9nSWt2aGJwVEn6/nmKrBJssglKlmrwbqQ=,0.997576822460624
dzJpdGtGSTFSemR2TXFyb14lj1wDVMrZdN3KVzEbt3c=,0.999044933746697
dzFGSWJqR0N1b0UwYTJja1RHAPtGMGV5x88KO0/DUaw=,1.00298677824904
dXN4MURpSWxXZGdLYm5BNPLGOOz8JzF/wcstOQCkjos=,0.98945414162591
dXIzVE1TTnhoN3lCQ0l3OE659xDE22Igb7ztm7quMLI=,1.00236897869222
dWZhc29KY0JHdHdrMXgybTcQpm1jl6vKq3zkz95M8Vs=,1.004503087552
dWVMaER2STVGZFU4S01ZUnT3w1s2rzEd56Sgph7LLF0=,0.995407494925847
dWRvbm1NYUtOdkhjSjk1Mgauc3lRGht+IoBJFKLVsvM=,1.00345960764324
dWNYakd5OURRZTV0d0xzM3Yr+Vu6zGuLjSs4vOuJdzM=,0.997953543546872
dVZxczI4N1V4SDVrY0NSM/UTfSTfnySQcdC6ieSCGHQ=,0.998877201078995
dVZaTEh2d3h0Qk1Hemg4M3oPGdLR9Q9eDN1ZO7eW49A=,0.998547657293446
dVVPSFFzSWFDb3IxNlBZTPEtecy8JeM9NoIaw1Yiy24=,1.00372058982182
dVpXTjlBVmZzZ1FidHk0OBqvK3ePKNTC7br14Q9IzU0=,1.00073468463043
dVh4ZE52MHpieUhFcGZTZR7h4nD9TymWPTvPhHVcG+g=,1.00003855228123
dUJzV3JrcDdseTFBVlo1WYuMBgcEbPKl6LIm4aVLsos=,1.00372411019521
dUhZYjZOSUxtM3B6MnhBWoAbggYWHp3Hz4j9fLNkRxc=,0.994119906456484
dUFTNmRJbkJFS3BvVkhrTio29RUPGYKp/VSoA2tClVw=,0.990581035358776
dUdKWnJZUDJPN2FTUlhDYxUqccNSpfsPqSm/9cJSTgc=,1.00238581411112
dTBZa3BoRHpYc0ZHVGRQWiSaFQQpI+N73ldagsj5pgE=,1.00088840655499
dnpHTDRwOTFvc0NIS1lNUcmfvQvDrHkiXOtGE51Gqe0=,1.00459846718936
dnFGY3JXUjlLaFVJeUhETRWte93HuiJAeisnpTjSgrM=,0.994711422393908
dndoeWFLek9yNEhFbVl4dfBEHP8I5uG0tf2nyolZnRw=,0.997351936359118
dncxM3lHMDlEZVlCSEZMSW88eadvK8+Ga0yMCyECAv0=,0.998502943138254
dmF6VWZ1eEVGaUk5TUxId+IEjOWoDU5sIamnD0jMqog=,0.998780214684182
dmc5Q0Z0TnJ1UktWZnFISs/JsNqQ0bF2G6IAgkcke14=,0.990352999856651
dlY3UkRHdTBGM0E2TnE0TIbBPpXDKRxuAo6iizQmpRs=,1.00795845855796
dlY2alVhd2dQMFpoM1JDdfjo7+sy5EG/dw73krAS7MI=,1.00267957141745
dks2ZjVPWjBDQTltM0xrSnR0vMWX0BmW7qVmTQ4JIQI=,1.00267845117835
dkNlSlBmdGMyR295TGExTtk4Ux240LQuXyIEMzz9giQ=,0.99381166395667
dkNkdzJQS1RsR1ZiRGpxTGmC3BXJMW/nR3CS9h1LGzY=,0.996550125927279
dklTenlkdDVBYjNHdUs2VUPu96Gho2Bt/fIoCi7HRz8=,0.995956776733532
dkJESWE0Q3JwVG9mTnlKV65uwZ7fDTW66G9NoDAzGj4=,0.995975509393149
dkFjR1dvcEVYQkpaS2VOT1DyyMIMcJwPkJimLBr+70U=,0.994886805873519
djJwNzZJRXNHMFdoT3VRUpK8wAd84yS2vZwjOmsFUtg=,1.00267381547298
djh4cWNBZVBqOW51SUYyTeRzyHOVNudkBWs5PQgsXOc=,1.00040095949671
dHpmcVpnaVdVd3hzeTlCS8TAsOMD320lJnoDxvGupS4=,1.00385180142371
dHNEODRDdUdmMTdlbFprQgxagbNg1j45SSxeU+b7/Rk=,0.981874952947893
dGxFYnhSb2Q1UUluWDNlcbHUCIGwAsn9h9M7ACK6wzQ=,1.00081093722011
dFlTREpmeUJGeklwQ2NOTO1ohefPnVXt+NYdQye6aZ4=,1.00208011346904
dFFkN0tUSWZneXFjTkJpWG6e9GwO7q4OxuwmU87vA1I=,0.989128390929418
dFdjWEk1cGtRYVJQNGJPMKaOiII1XiEcJQPoMI1l3dY=,0.998694319513188
dEtXekN3OTRGVXNTZzBycVRSMm2Sp3lRAjakMa2uLQI=,0.999024419597649
dElKVXpPZEY1c1prTmJ1OU9V8WiTfRGSBjqRQKufplI=,0.987284462775362
dEdmaUh1WHJiWXNJS3g3T50/ZjYCxTjPUfxqXrWShWY=,1.00270394282334
dE1SMGIzb21pRW5aSnVrcifxgPU9XluMDtgNZ2ojDYk=,1.00218917573564
dDc0eUtZTmpWeDhzYzBaa1afGHcngeXQhi8RaB/OZME=,1.00720316263423
d3NIZzRUazhkeEpCMU5ibFSxLC3L3ttoqCCCntNd4ew=,1.00583444928518
d3hyM1BtOEo5TU8ydmRmUun05mYlE3duhAhv3teWg8s=,0.999907928449209
d2w3c0ZrMnp4cU1FWDNDQaMVDHOQHz5Ang6u3uRT5TE=,1.00139381769801
d2NXUXZxbWhrZUZ5TEhaaWzm+IsUye/nFP9/4RvbhiM=,0.985337225191489
d2lVcTdoNmRrVElGMkxXRd4d1qSucQtqaft8WdDccA0=,0.999998003640991
d1VMU2gxUXBHdTNkZmpsZU5LQIxD73qruHR/lIVzm4w=,0.992305020183495
d1ozczU0YThOUUtIa0JFbswxFSUmkUHem9cowHCGTek=,0.992638533041392
d1FraU1MQ0FjbnVJSzFIcO83h4jw5w7dzMy7Cgvezdk=,1.00122126501238
d0pUbUQwUkhsaXA0aDhFU7p6dxxw3FRAT7HpadekVQY=,0.999686223203978
d0lyajIzRnF0SHY3eVprbu83T4B1BMH5OZz4mbekLo4=,1.00135679181859
d096R1NhMVBBTDJRVkZxVYKx8FH6s1wpOeFABOZ+bt8=,0.995228205816791
d010NGxSM0lDQjVVUVhxekBDz69afyxLIfTS0/gH1WM=,0.996368312165383
czZLSGoxWmV0RWdNZG5mY9/7+dDpDOnMUoZlkIAUCro=,1.00969282972468
czFid3RXa0V4cmZub2dEOeUB9xmsN+QCbAxodc53wtw=,1.00095665663168
czF4ZkdldUh2Y1pLVzhpTlEA+pYAF4wTWYf+ErGoUzQ=,1.00328026605975
czdIdEVJanpNdzVSQm5LMBlXpyIzs/7P3BEaXguGIX8=,0.998281722166895
cXYwZER6Nm1lMk80Q0dJWgRT/mwJ0xPvu0L30C5gtAg=,1.00234596483798
cXRzRmw3Uk52VW14WjhhTDe2o3wiLAVBpZI9SRXtgdw=,1.00859950301469
cWxEc0ZlN0k4Unk0VXVIZsFWv2ovsNU5vbj04x1biH4=,1.00625166616951
cWNpekwxNGRBVTdPMnlCSYfekNQY7u8VfY4gcOjssAY=,0.997225262366148
cWd6RVFpNGszdFJqS3VXc1bXkt736JnPeWH+8diWV8c=,1.00312148634386
cVUyd0NkU2hIZ28zYWN2ddOfiu4vtvm95tURN+fB9YY=,0.994065413831397
cVBnbHgxblc5UTBPVWlyNRfpE3GleyzySq5lB6e+mVQ=,0.99820722330745
cUI5a1UybklzakpNZmNMQ5Wt2Im+V8IkgbOyBBagRUo=,1.00107044240044
cU9XZjJtc1pKQjBSeVVWZ3P/pcobfJuvO1zdfI4aEMM=,1.00143059582735
cTJpZm9DZWg2MGxkYXpHSRxeP18uRotNBXDziYEziAw=,0.989025825598533
cTdDMnNVR2JWcGl6ODRSZ2ggnY6jD+R3RRM4MCH76Ng=,1.0032884243029
cnFpWkV3c25vOHhNYTdBWB2SYlaSomf0ZJN61xtjC8s=,0.997601809788189
cmNGN3RMQXY5WVBEc0hHbTQDuUcIIK1I2alYF1OZ060=,0.99481706661119
cmJnZDZOVExmdTU5dG9CYxbUTjy8I3G/jfTUQKu660A=,0.999407673357861
clNtZU16Z0puWTNHWjlzWMJc+6+ijB5BB0nTkgCLYAY=,1.00416362174597
clNOMEpjZFd4N0czUThEWdL2WnKKaDiNmkSALp+Mqj0=,0.995405918920906
cktqZ292dzVsUmVRMUROWDaSxo6vpXbqxpH8cxcWwf4=,0.998430864911991
ckJWc1RZbmZ1aDRjR0lSdzu2qWkV87IA9IBjBst+vZ8=,0.999093677221152
ckhtQVRLdVNGd29pTlVDQsaKvmwhPYS/pYXraSwTaM8=,0.998733501302354
ck1Yek9ZTmFLUjRmZDhpavfBRsJ5xDAAocvSOjNFLeE=,1.00064655406184
cjhOc0x4bzdUekZ2V1AzZR2/2H5UPLkqkA+jJEMUJs8=,0.995950276568933
cjhEY20yQU1WZ1NkcFAxQv7oLxToGsDRcHnnrtV3hvw=,0.989990100583295
cHVEOWRsNFE4UjYxS012M1sLT/6sNEYXtgxgQmQmLY8=,1.00064874222725
cHFVWVBiR2xDaFM4Wk5pWCqe3kROZb3V3FtkwhodGBA=,1.0091809225258
cGZDMUE0WldZMmdOcThWT3ChqggQpZtuc1+33/vhihU=,1.00697947402243
cGZab1JTVGUzaXRGQjhjdkVHFfpwZRgPxCO+ckVA9Oc=,1.00903552056671
cGRqUmN4dzZsREZPTFVvSudO2BDFlyFIgHQqj7JdrjE=,1.00127634038722
cGFsSHRqdlFJTFp6VURiTf1cjWjJmpqreZrte2B5Lnc=,1.00389542075335
cGdYczJZYVNuZFJMUU1JSjbbGua6ZDtPO3sIV0vp+NI=,0.995216966394267
cFRYd0MxQklGTFlpWlNuYsa5DPXnJmtix06dqUy8gbk=,0.995448514996644
cFpPMndNamVxYjdhMUtBY3L+xGbFOHrZsGoEGOA6oH4=,1.00816504359729
cFh2OEg0V01zdFRLaXhaR7aDgYv6D+rtgUMVoHguq9w=,0.987163954952459
cFBITVJ3aEVpODY3SzJGdR0+oFipf6IaefQbGLuWtSk=,1.00497741171848
cFA2aUtEV0Fibk8xZjJWSdIxMWHgtyx/ybZAiT7+tOw=,1.00755796620755
cEx0eElTUlRBUUUyWTVucewBhQCwH01kOSxKUr2VUXw=,0.996454424321924
cEJMMnlSMXZENkkzV1gweCYYj2vZ67gFmOZeGl+49Nk=,1.00856211646935
cE1RdkxHQ3VjZ1VhT1lyOIIJzvlvAKIgJkhRDLwLbMA=,1.00276417570643
cDRtajNZYkxuSlE4RWg3aQVsEmgKdZwBH/sodI37yQo=,0.997462235429261
cDR2bVBGTTdpQmNHVFFzeE2d3Gj3S1ElT0dYX1StqOM=,0.993518384819451
c3VTWXk4cWxoZzlkUEdBTF2A77AnRJ7O/uFGb5rH8cI=,0.997897064940408
c3pXSGQ5SXdSU2FwN1hvTOgN3IdBJak7a+gp2ty8AdI=,0.99914029335917
c3IyOWRsRVAwaGJSQkZrbejtLE0kCswjs1IcIZK5Vok=,1.00764944228321
c2R0eEpFbUJSWDZNZTl6RIotRP88sti/HZrqQ8MIMFk=,1.00446042264205
c2o3WDQ1UlpxeTlLSm9XRtbAItZxNve20J+XSFF23vM=,0.996474596748201
c2NqVFJVMFNRNkc5SXV0M0++WammSZ4DoeD+hyPpKT0=,1.00247905501742
c2hrak85M2l6QWFFTmRNWb871vxSMvDwIVsEWgJ4YaU=,0.994191341673389
c252TmhWZUFiRUQ4VXUwUYdN1mnUNNeJ6lwNUjND4ug=,1.00583182718911
c1htN1NPNmRqSW5Xd0tQMMkcZhwx8G2pbmU9DqsC9hw=,0.997002477397403
c1FZRGU4V2ZYU1p2TzJvQbl6jlcoDw9SVU/v/PmrWOg=,0.998232930040286
c1BGM0JpYmw3WHFrclZZWghybs5rQIBIL7ZxvQHPihw=,1.0048970734351
c0NZN2Y1VHpQdnVablJWUQ1Mzo0OR09i0H5t5N55ZAk=,0.996370489081589
c0JpbldGa09VbTB2THF0bMioORp2Se8gkL9cRJ4dxEI=,0.993772547701073
c0hVUzd2Vm1KMFB4OE5ocrhD7Z8htZ+LNKIrEVEmJqI=,0.997500252994524
bXNRRTRVbHdxSjA5QUdibkkavIaRoR7Va9UKYxR0fUk=,0.99755993292161
bXlSWFVLYndxZTlQU2phSXrkf97tkOfPIEYw8NHYD9I=,0.993635277306527
bXJraUlwZXZod0hDUGI2NPZW1W4ynBh50Jex6c6PAU0=,1.00739588347037
bXdoUkVTeWNINUJnekczYbaapbiNdIhX5KJZZC6XdMY=,1.00425612551251
bXBYSERLbHNWbzI1WUxqYmqI8id6vRzQrzaeaOB8uHk=,0.999754749041845
bWZOSGFNWjhLcEo2WTJSTJ9Fg00ycgMEgqA0SQhDuPs=,0.997216247523376
bWJROHFFTXgwejVpR0RXQYqFMG9g0daP+YhCuKiNrkE=,0.997716878537409
bWhVSW9Ea1oyczBsSjdjVlNt7hLbnmU1+jzN7QRgZbQ=,1.00281794352968
bWdsWmVQd0hBb0Jxc05XM72DZxQFHkrO1QWlu5q08nE=,1.0004228488821
bVY5VDJCaE5EclVBY0p3Zoru45x9mY9g2I+4DAwtPzM=,1.00224890866887
bUZrN3F3ZTFaSk9mb0s0aNfhebNnDUfxmYuZ/6afHR4=,0.997594383564795
bUZHamdDQWY5WU5PYmFvM4WJmW3cjnHGz22YD9Ot7BQ=,1.00142917215302
bURHQWdrb1h5UHpwZU9hSgrQq7bj+OLrNhiAswZp8bk=,1.00262754571411
bU9xY1lnMlp6QlFiTTFIUJNvWPO4jTWEUgYJR2JYljw=,1.00658145518987
bU05eU4zV3F0QzVQdnNaZXj/ucdAoOPdPWXYf3AIsKc=,0.9949539838538
bTNjUEFicmhGRE5rbzJ4am6ceYcKHGUR4DRT1OASjhc=,1.00644749235382
bTlWekwyYlNQUUt0bHIxdQU+0S/nfz/N3FRX22GldM0=,1.00543263386855
bTJWY2tsRWlhSXJnQ0oxWRtPZwm0xYiUt6WZnxH5fjY=,1.00200344621117
bTBMdkVJMnFkalpOZnJVQ3rB/0tpW9WpeEOquEJOP2c=,0.98847666026783
bnZVdG1wc09SYUJKaUFrRFw7/kPFmOEmo5Dyq/Kh29E=,1.00165866840655
bnQyczg1TUNMQklXUHh5U94b2hD/Axafdty4sYg5t9g=,0.999664537354962
bnd2Z2NCb2VDaks0OW03QdHfR+K+4TCYGUftomXH4DU=,0.991534778205378
bnBiclN5TkVINERPemFQdikK9qhy9k/tvMskBO858e4=,1.00095501365673
bmtzUHkzQkVkZmc0aWJDT+Uh2ZbIdlqs0lRxndcrnBQ=,0.99696167172314
bmRHaWZyMlpnemxodjY5Y7ACMMv9Ve4yTFmCL8hkUu4=,1.00278732153117
bmJhNE9UVzVoMGxxdXZpVh6uL9uIGCQdotAO9ZTkfV0=,0.998732568378932
bmdQcGJpWXhOMDloZW9yWodQXf13WkICTMUxl/Db4AQ=,1.0123841523763
bllCZ09KTUtQOWpidDJGVEE19R4YFnxfFEpSkBbMMUA=,0.997835926823735
blg5VGFpeFlCbVd1MHZ0Trl0Kq3hIliC23jHnLgJbJg=,1.00410607556581
blF4eVkzSldJWGNkNm9hc1AG54rtBbLAN+v+UssMVt8=,0.999774926237147
bldxZEp1c0xUakZidGtyUrmmEAoFcr2oufUNHME8GPM=,1.00305121160681
blA0RzZqN05idnBTSUJ1dKdDNV9eoDxGgkoY6M5BPlA=,1.00272343192455
bkpDZDhqb09nMkdSNElldz6/rCnZOUMPQusYnRF+DE8=,1.01167551639066
bHVyaGZiYXNqSFJjenYwU8g3m9xxz+IidNH4UFBWWWE=,0.999221649670674
bHVOSXl6VDFCQ0UwdldlaoylE7yYGLrjOi9M2MEdtzw=,1.00405170441068
bHRia1pUU3ZENkpoanBjWQ6gY/XrqYbUa89yfQj9t7o=,1.00835754278486
bHppZ3Rqbm9QbTVFVDRGS1INffsdfwZ/5t5nKauNx/4=,0.997124482252511
bHdxYVJkdDM3WkNBaFgyOIjU0qafT6f08DVIcDByOQQ=,1.00594673311195
bGZaQlJqbzY1SlM5V0xZdG2FOuyB/yn4W7GEcQbNYsE=,1.00451080500748
bGJMVmc5ZG1KYWhaUXNYTU6d9GY2NKp/MyYWml78w5U=,0.994362953556965
bGJJQUJkZTd1S3JDU3dpY9z0/1nPNyt9cXX8bzDs76A=,0.999808222768889
bG9jcWdZWHlKMDc2a040RueIlbYK3V8kSMVN6s2fQbI=,1.00398492444406
bFlub2taWGM2TU9mM3VxU6uSUPEjiEMHwLeFqwqYWBA=,0.995043122801708
bEl2U3BRQjB5eDl0MnU0Vlc32isx4o1ttPYi9HZdSLc=,0.992737222839854
bEFKZmJhVENqc2dyRHV4UJreweIxI21XPmOXs2W/3pQ=,1.00245175719911
bDlKSVd3MW5NdDhpY3FRRLN+0IaRhkmT2QVjmN4ARf0=,1.00052048728701
b3RiY3I3Z0ZSc0xNeFlWbg8IfH+Zt2+fAY1RxEj/nl0=,1.00600883865318
b3pSUUNkdElYdlpEYmxVNz0YafjzhRj5XwS30CxSePU=,0.997845851354695
b3hOdXAzOVc1RkFRMkxVY7v5wFSOf9ybxg3Q/SnkLK8=,0.999540435123819
b3BXNjAxVVlxdWVDQlE3am1Zw4CkdhXTobVXNRHNIUY=,0.993341970463642
b3BKazhUWFBhNzBORnZPTO+dWRSbLcJTrnxXdzKs1CE=,0.99647702625207
b2Q4SkVxbTV6WWl0bGo5Z8cMf/EZit+iPkfdB2MGv9A=,0.993117256723184
b2oxcmhLVGQwTDI4Vkh4ZtWjtNEHffJYDxejT/iU2k4=,1.00089343444358
b2FWT1A5QUZlbWJsNHZ0Ram9cI8HLfTkYpGBhCJxWRo=,1.00710108099005
b2daUGNFSWhEVWxteU5LdQxZbhh6iKplejxI1Q8q7Hg=,1.00170871098847
b1N3MFBaS1JkZVQ1dUEzSsM+RTP80x99D7VIeobfOes=,1.001570588441
b1AybDNDWGdIZXNXeGNGMdndpgZXmkcfluljp9Wnypg=,1.01167253812894
b0ZNM1FUY0RmMmt6MEh3QzZSY+8KmrfSIYpUjVAk+iA=,0.999863314233225
b0tjZlRPQWx3UEdrcURabQ5c/1+btl8TWe5EYl7Vw6g=,1.00043038889357
b0RrNlFQdHhFVVp1ZlRsbmcLa+ksMBzSyXnkTloYjUc=,0.992786250753059
b0FyQ1c2ZVhrYnhMMERKN/NXikTSvpF2Wi97PG8zuJQ=,1.00345079116188
b0dXckUxRnA2MnRiQklkN0h8G2ZOiPaPLDMvFA0rxyE=,1.00145354394637
azZlUGp1QmIwOWM3SUtycTlH+e4c4ZdNuBgp+/NiIkk=,1.00076039378691
azZKU1B5QWlNNTNHQ3o3Z7bIcCh13i4/THnJcJjfEb4=,0.997054539517993
azhadEZKTzNxRzRoc253RVIrWibh45x71pv338vKooc=,0.994104067416265
aXZRaDVCMGFNRXBDNElLa6p6lYUr6p2ZNaxW9fs3sZY=,0.995578803127897
aXJCYlc2dGdjRkpvN3N5U/2he+Ay88cQTPQmhBppU9I=,0.999060182522865
aXhYRnkxQ0JUYld2U1JRSnb9oBHjadxrx+xoeattwJI=,0.999723224210379
aWZXSEduWnZ4OWp6bWdwMY1mxaupSwNR1hY6vT9CFTM=,0.999662907682815
aWVjcXNya2pRVHo1TzNhVaeym5YFpNBytP8xbt/sHTM=,0.996395880049853
aWVGMXZMeENoc1BEY3JObUJiBm9gP6regEzpzg4uEcs=,1.00335281623676
aWtiZG11MVdMRXpRSE5LTz9wC6/KhiHGfpjOdOJOf8U=,1.00572048761267
aWFDdGx6dzI2SzlQaFNOMJnE+BscxZmnT84CrKK8wac=,1.00128222267607
aW5jbEZVTmZUb1g5ZDVXU543PnrMexccT/9tG05N930=,1.00258469279386
aVF5UnI5SnFubUc1SGZiVXtxM4BeWDj7DKgGmBE17vw=,0.999428989433143
aUN4RGFMOVhwaG8xUXlSWSB14lQsQk/gT2E12KZ1Qio=,1.00153896304235
aUdQc1lKeFNYbzQwdWhRSF++u6oLZ/Ki1SDaQDOxcg8=,1.0053645909284
aTVucFdCd1FTUlhFMzZmTdZ7sxWmwImkQ/VBhO1y90g=,1.00079796034025
anZBRUpyazAxdElWUkZjb1yTuZYB0rVXAd2jNWEnkZ8=,0.999800613194316
anltZmFldUNOY0xyVWlGStH3r1+OkJu+GuBRql11+qI=,0.99935216374493
anllaHdkU09aNW84dUpuMV38U9VNziS2q2HNjBv76Cc=,0.994220327730182
amZtRTRxYU1aZVUzeEFpd1ra4LPHam2/U4rkrgyX2TE=,1.00297796368263
am92NExQT25wbUd5YVVaUZgzVvENPLaRkKzwPVZ9fyw=,1.0019568499115
am91MnJaRmtJWWJhaHluV0HhgM7U/tFJjY8uJcDpxE4=,0.993520887323371
am5kR0FnMjRUUEVvUkhTdExqNMp46h6NEjqo46VX3vs=,0.999786422682518
alVUbm1jdEVCaWdINUowSRLe1mgnhlKpq7rOpUnIJJA=,0.992495221638017
alJPcHJOWnhlOGF0a0hmWVC6FVDi5Nbs+PExa9xwfDU=,0.996373584083196
alhjcmZsUVA2d1JvT016Tka5G6oHoXE1wN2qvcaFpzA=,0.996499687279528
alBiRDRPclF2dWFYSEtVNelAxDt6zvqUWnHCqVfIyZM=,0.998680340276054
akZvekh1M3JPZjVjYVhNZ7IZ5BTywGeUGQydvhXfFGI=,0.986864889667558
ajV6UFRleTcwbzFDbHV4RSnTZvM8LOkL1klHKqbXVWQ=,0.994343033408307
ajhlRnZkMW94WWhURVN1dG9HlkdLfr2HCM9m9BCdl0o=,0.999292795525383
aHRVU0dKUG5DMWo2eVRWQqDLcMB6n97MBc39eypCQqw=,0.989678905752128
aGxrYlFVZ3EzWThWMnhCOVbmMwawIAOuf6OK5IvqYFo=,1.00454644555193
aGRNeFg3ejBRRkVzeWFrcRYk7h+tBln0ZaZzhckZueA=,0.996983322683123
aGM5SzBibXhRNHVZWEM2UI7T4LojavBanWP0nUnQv/4=,0.998748409378035
aG54cTA3Z2p5WGJCOEZsT3mKlECBg3V9V9wMQX82jNU=,0.994857573831619
aFRrck1GWkE4UHhKN1EzWMcB08VVkKAO+baup6VXwOE=,0.996935309826273
aFNrN0FLejNDRnBUeHVjWCsYfV9Dlta3pmSeQTwGmhs=,1.00082975567332
aFE3Wnp5a2UyQU9ESDVWauh+dJ+bd5+NcZCWtDDDwy4=,1.00162925626404
aEV3VlBmZ3J6NDhpR1JJc5eEEoVN0zDDmalYeXZebJw=,1.0055077291109
aEJLYkRWeDB6d0d5VTJxaeE3TVryjWIUU9bXKxqSNfg=,1.00299477234386
aE9wajBFRjZrSmdZeTlJUVWCCODwx47aM88aQFaIOnw=,1.00258349888118
aDYzck9Jb3Z5blZNTmdVUklxto5RzGiOhEurJo4yYlc=,1.00027058937231
aDgyM01PdWl5STlqMWxGNkqKmdFjif6x+wXogEAwb24=,0.998225236159928
a3FhVHNRWTBWTG9DVTJYaEEFesw2rdrZ+BzKm7VUkfs=,1.00229733025959
a3c1WG9FUzgwRldhTk8yUvMnlqZ6NU49tcVvAf+Jch4=,0.997423896109255
a2xoMDlJZXpjajRFaWczVDnZB/vSsI8z88iVWOv5OOg=,0.98809486733711
a2VaVzk0eFltREhOaFBKcufiSbsrd9lZlkhWnUyl0z4=,1.00723971015397
a2JhbjV2ZUVJWU5IbGdxV1JQYu3f79Zu9Df3I1NnnHw=,0.999745497019979
a2g0QlkzNTE5bWJpVEY4ZAXwqjBcI/a9lMRTPkyb1jo=,1.00163926671772
a29lcWRZTXhESkNPcHRRR0EiFlKZNdQqkmZfW3NzjY4=,1.0002988067236
a1pHbGlySGd6MVd1WFBJQrEWnvj4CYxqKRMCRy3GEOk=,1.00314107675433
a1JISkFzMjRDS2Q1RXl1cen1e4jiXCIr4dbUMKQ0HP0=,0.998262419286603
a1hoRDBtYnR3bFFMV0VIas9gsq0KFmavOv59M6byhSk=,0.998836851986203
a1haMDRWUVRKRnAxUGEzbI8CUZNbydxwESqxe9nE1MQ=,0.999582559372547
a0pYeTE0TjVSaG5JNzlaVlDkvgNnFtmjXwFi0g10sWo=,1.00071856085829
a0NGc1RXWVh6YklSbE02ajOtLmhgPZ2B4RDg9WcQE34=,0.999086402853289
a0M3bUk2VWJwWWNQaGZUQrc/o3+mon4h7Xh8XuLG7/4=,0.99757918744889
a0JyY2lqV1hMNm9JbTB0UV+3bSZqDUHQv2V9ozgbUhY=,1.00106360169519
a0JxN2JWMk9LZVRRU3Z6WSyAh4bEh0nECOcUTy/I4ys=,0.999414929207115
a0hwdERoNEUxOFlTemd4Mq2M0TqA9Ky6aAvP6YQ4+lg=,1.00106991898356
a0dhdHZ4bVh3amI1U2RIMY+7qV9PhFtvwhPdE6Sv7i4=,0.997355636269046
